Copyright 1986-2022 Xilinx, Inc. All Rights Reserved. Copyright 2022-2025 Advanced Micro Devices, Inc. All Rights Reserved.
------------------------------------------------------------------------------------------------------------------------------------------------------------------------------------------------------------------------------------
| Tool Version : Vivado v.2025.2 (win64) Build 6299465 Fri Nov 14 19:35:11 GMT 2025
| Date         : Mon Apr 27 20:14:20 2026
| Host         : Link running 64-bit major release  (build 9200)
| Command      : report_timing_summary -max_paths 10 -routable_nets -report_unconstrained -file top_fpga_timing_summary_routed.rpt -pb top_fpga_timing_summary_routed.pb -rpx top_fpga_timing_summary_routed.rpx -warn_on_violation
| Design       : top_fpga
| Device       : 7a100t-csg324
| Speed File   : -1  PRODUCTION 1.23 2018-06-13
| Design State : Routed
------------------------------------------------------------------------------------------------------------------------------------------------------------------------------------------------------------------------------------

Timing Summary Report

------------------------------------------------------------------------------------------------
| Timer Settings
| --------------
------------------------------------------------------------------------------------------------

  Enable Multi Corner Analysis               :  Yes
  Enable Pessimism Removal                   :  Yes
  Pessimism Removal Resolution               :  Nearest Common Node
  Enable Input Delay Default Clock           :  No
  Enable Preset / Clear Arcs                 :  No
  Disable Flight Delays                      :  No
  Ignore I/O Paths                           :  No
  Timing Early Launch at Borrowing Latches   :  No
  Borrow Time for Max Delay Exceptions       :  Yes
  Merge Timing Exceptions                    :  Yes
  Inter-SLR Compensation                     :  Conservative

  Corner  Analyze    Analyze    
  Name    Max Paths  Min Paths  
  ------  ---------  ---------  
  Slow    Yes        Yes        
  Fast    Yes        Yes        


------------------------------------------------------------------------------------------------
| Report Methodology
| ------------------
------------------------------------------------------------------------------------------------

Rule       Severity  Description            Violations  
---------  --------  ---------------------  ----------  
SYNTH-9    Warning   Small multiplier       104         
TIMING-16  Warning   Large setup violation  574         

Note: This report is based on the most recent report_methodology run and may not be up-to-date. Run report_methodology on the current design for the latest report.



check_timing report

Table of Contents
-----------------
1. checking no_clock (0)
2. checking constant_clock (0)
3. checking pulse_width_clock (0)
4. checking unconstrained_internal_endpoints (0)
5. checking no_input_delay (3)
6. checking no_output_delay (5)
7. checking multiple_clock (0)
8. checking generated_clocks (0)
9. checking loops (0)
10. checking partial_input_delay (0)
11. checking partial_output_delay (0)
12. checking latch_loops (0)

1. checking no_clock (0)
------------------------
 There are 0 register/latch pins with no clock.


2. checking constant_clock (0)
------------------------------
 There are 0 register/latch pins with constant_clock.


3. checking pulse_width_clock (0)
---------------------------------
 There are 0 register/latch pins which need pulse_width check


4. checking unconstrained_internal_endpoints (0)
------------------------------------------------
 There are 0 pins that are not constrained for maximum delay.

 There are 0 pins that are not constrained for maximum delay due to constant clock.


5. checking no_input_delay (3)
------------------------------
 There are 0 input ports with no input delay specified.

 There are 3 input ports with no input delay but user has a false path constraint. (MEDIUM)


6. checking no_output_delay (5)
-------------------------------
 There are 0 ports with no output delay specified.

 There are 5 ports with no output delay but user has a false path constraint (MEDIUM)

 There are 0 ports with no output delay but with a timing clock defined on it or propagating through it


7. checking multiple_clock (0)
------------------------------
 There are 0 register/latch pins with multiple clocks.


8. checking generated_clocks (0)
--------------------------------
 There are 0 generated clocks that are not connected to a clock source.


9. checking loops (0)
---------------------
 There are 0 combinational loops in the design.


10. checking partial_input_delay (0)
------------------------------------
 There are 0 input ports with partial input delay specified.


11. checking partial_output_delay (0)
-------------------------------------
 There are 0 ports with partial output delay specified.


12. checking latch_loops (0)
----------------------------
 There are 0 combinational latch loops in the design through latch input



------------------------------------------------------------------------------------------------
| Design Timing Summary
| ---------------------
------------------------------------------------------------------------------------------------

    WNS(ns)      TNS(ns)  TNS Failing Endpoints  TNS Total Endpoints      WHS(ns)      THS(ns)  THS Failing Endpoints  THS Total Endpoints     WPWS(ns)     TPWS(ns)  TPWS Failing Endpoints  TPWS Total Endpoints  
    -------      -------  ---------------------  -------------------      -------      -------  ---------------------  -------------------     --------     --------  ----------------------  --------------------  
     -4.495    -2189.495                    917                22397        0.038        0.000                      0                22397        4.020        0.000                       0                  7809  


Timing constraints are not met.


------------------------------------------------------------------------------------------------
| Clock Summary
| -------------
------------------------------------------------------------------------------------------------

Clock        Waveform(ns)       Period(ns)      Frequency(MHz)
-----        ------------       ----------      --------------
sys_clk_pin  {0.000 5.000}      10.000          100.000         


------------------------------------------------------------------------------------------------
| Intra Clock Table
| -----------------
------------------------------------------------------------------------------------------------

Clock             WNS(ns)      TNS(ns)  TNS Failing Endpoints  TNS Total Endpoints      WHS(ns)      THS(ns)  THS Failing Endpoints  THS Total Endpoints     WPWS(ns)     TPWS(ns)  TPWS Failing Endpoints  TPWS Total Endpoints  
-----             -------      -------  ---------------------  -------------------      -------      -------  ---------------------  -------------------     --------     --------  ----------------------  --------------------  
sys_clk_pin        -4.495    -2189.495                    917                22397        0.038        0.000                      0                22397        4.020        0.000                       0                  7809  


------------------------------------------------------------------------------------------------
| Inter Clock Table
| -----------------
------------------------------------------------------------------------------------------------

From Clock    To Clock          WNS(ns)      TNS(ns)  TNS Failing Endpoints  TNS Total Endpoints      WHS(ns)      THS(ns)  THS Failing Endpoints  THS Total Endpoints  
----------    --------          -------      -------  ---------------------  -------------------      -------      -------  ---------------------  -------------------  


------------------------------------------------------------------------------------------------
| Other Path Groups Table
| -----------------------
------------------------------------------------------------------------------------------------

Path Group    From Clock    To Clock          WNS(ns)      TNS(ns)  TNS Failing Endpoints  TNS Total Endpoints      WHS(ns)      THS(ns)  THS Failing Endpoints  THS Total Endpoints  
----------    ----------    --------          -------      -------  ---------------------  -------------------      -------      -------  ---------------------  -------------------  


------------------------------------------------------------------------------------------------
| User Ignored Path Table
| -----------------------
------------------------------------------------------------------------------------------------

Path Group    From Clock    To Clock    
----------    ----------    --------    
(none)        sys_clk_pin                 
(none)                      sys_clk_pin   


------------------------------------------------------------------------------------------------
| Unconstrained Path Table
| ------------------------
------------------------------------------------------------------------------------------------

Path Group    From Clock    To Clock    
----------    ----------    --------    


------------------------------------------------------------------------------------------------
| Timing Details
| --------------
------------------------------------------------------------------------------------------------


---------------------------------------------------------------------------------------------------
From Clock:  sys_clk_pin
  To Clock:  sys_clk_pin

Setup :          917  Failing Endpoints,  Worst Slack       -4.495ns,  Total Violation    -2189.495ns
Hold  :            0  Failing Endpoints,  Worst Slack        0.038ns,  Total Violation        0.000ns
PW    :            0  Failing Endpoints,  Worst Slack        4.020ns,  Total Violation        0.000ns
---------------------------------------------------------------------------------------------------


Max Delay Paths
--------------------------------------------------------------------------------------
Slack (VIOLATED) :        -4.495ns  (required time - arrival time)
  Source:                 u_tpu/u_accumulator/state_reg_replica/C
                            (rising edge-triggered cell FDRE clocked by sys_clk_pin  {rise@0.000ns fall@5.000ns period=10.000ns})
  Destination:            u_tpu/u_unified_buffer/write_reg[2][3][5]/D
                            (rising edge-triggered cell FDRE clocked by sys_clk_pin  {rise@0.000ns fall@5.000ns period=10.000ns})
  Path Group:             sys_clk_pin
  Path Type:              Setup (Max at Slow Process Corner)
  Requirement:            10.000ns  (sys_clk_pin rise@10.000ns - sys_clk_pin rise@0.000ns)
  Data Path Delay:        14.468ns  (logic 5.190ns (35.872%)  route 9.278ns (64.128%))
  Logic Levels:           24  (CARRY4=12 LUT2=1 LUT3=1 LUT5=4 LUT6=5 MUXF7=1)
  Clock Path Skew:        0.069ns (DCD - SCD + CPR)
    Destination Clock Delay (DCD):    5.099ns = ( 15.099 - 10.000 ) 
    Source Clock Delay      (SCD):    5.218ns
    Clock Pessimism Removal (CPR):    0.188ns
  Clock Uncertainty:      0.035ns  ((TSJ^2 + TIJ^2)^1/2 + DJ) / 2 + PE
    Total System Jitter     (TSJ):    0.071ns
    Total Input Jitter      (TIJ):    0.000ns
    Discrete Jitter          (DJ):    0.000ns
    Phase Error              (PE):    0.000ns

    Location             Delay type                Incr(ns)  Path(ns)    Netlist Resource(s)
  -------------------------------------------------------------------    -------------------
                         (clock sys_clk_pin rise edge)
                                                      0.000     0.000 r  
    E3                                                0.000     0.000 r  clk (IN)
                         net (fo=0)                   0.000     0.000    clk
    E3                   IBUF (Prop_ibuf_I_O)         1.482     1.482 r  clk_IBUF_inst/O
                         net (fo=1, routed)           2.025     3.506    clk_IBUF
    BUFGCTRL_X0Y16       BUFG (Prop_bufg_I_O)         0.096     3.602 r  clk_IBUF_BUFG_inst/O
                         net (fo=7808, routed)        1.616     5.218    u_tpu/u_accumulator/clk_IBUF_BUFG
    SLICE_X40Y134        FDRE                                         r  u_tpu/u_accumulator/state_reg_replica/C
  -------------------------------------------------------------------    -------------------
    SLICE_X40Y134        FDRE (Prop_fdre_C_Q)         0.456     5.674 r  u_tpu/u_accumulator/state_reg_replica/Q
                         net (fo=2, routed)           0.446     6.120    u_tpu/u_accumulator/state_reg_0_repN
    SLICE_X42Y134        LUT2 (Prop_lut2_I0_O)        0.124     6.244 r  u_tpu/u_accumulator/write[0][0][7]_i_10/O
                         net (fo=72, routed)          1.054     7.298    u_tpu/u_bias_add/write_reg[0][0][7]_i_99_0
    SLICE_X42Y132        LUT6 (Prop_lut6_I2_O)        0.124     7.422 r  u_tpu/u_bias_add/write[0][0][3]_i_72/O
                         net (fo=1, routed)           0.000     7.422    u_tpu/u_bias_add/write[0][0][3]_i_72_n_0
    SLICE_X42Y132        MUXF7 (Prop_muxf7_I0_O)      0.209     7.631 r  u_tpu/u_bias_add/write_reg[0][0][3]_i_54/O
                         net (fo=8, routed)           1.067     8.698    u_tpu/u_accumulator/bias_reg[1]
    SLICE_X38Y130        LUT5 (Prop_lut5_I4_O)        0.297     8.995 r  u_tpu/u_accumulator/write[2][0][3]_i_32/O
                         net (fo=1, routed)           0.000     8.995    u_tpu/u_accumulator/write[2][0][3]_i_32_n_0
    SLICE_X38Y130        CARRY4 (Prop_carry4_S[1]_CO[3])
                                                      0.533     9.528 r  u_tpu/u_accumulator/write_reg[2][0][3]_i_21/CO[3]
                         net (fo=1, routed)           0.000     9.528    u_tpu/u_accumulator/write_reg[2][0][3]_i_21_n_0
    SLICE_X38Y131        CARRY4 (Prop_carry4_CI_CO[3])
                                                      0.117     9.645 r  u_tpu/u_accumulator/write_reg[2][0][5]_i_20/CO[3]
                         net (fo=1, routed)           0.000     9.645    u_tpu/u_accumulator/write_reg[2][0][5]_i_20_n_0
    SLICE_X38Y132        CARRY4 (Prop_carry4_CI_CO[3])
                                                      0.117     9.762 r  u_tpu/u_accumulator/write_reg[2][0][6]_i_18/CO[3]
                         net (fo=1, routed)           0.000     9.762    u_tpu/u_accumulator/write_reg[2][0][6]_i_18_n_0
    SLICE_X38Y133        CARRY4 (Prop_carry4_CI_CO[3])
                                                      0.117     9.879 r  u_tpu/u_accumulator/write_reg[2][0][6]_i_20/CO[3]
                         net (fo=1, routed)           0.000     9.879    u_tpu/u_accumulator/write_reg[2][0][6]_i_20_n_0
    SLICE_X38Y134        CARRY4 (Prop_carry4_CI_CO[3])
                                                      0.117     9.996 r  u_tpu/u_accumulator/write_reg[2][0][3]_i_23/CO[3]
                         net (fo=1, routed)           0.000     9.996    u_tpu/u_accumulator/write_reg[2][0][3]_i_23_n_0
    SLICE_X38Y135        CARRY4 (Prop_carry4_CI_CO[3])
                                                      0.117    10.113 r  u_tpu/u_accumulator/write_reg[2][0][7]_i_73/CO[3]
                         net (fo=1, routed)           0.000    10.113    u_tpu/u_accumulator/write_reg[2][0][7]_i_73_n_0
    SLICE_X38Y136        CARRY4 (Prop_carry4_CI_CO[3])
                                                      0.117    10.230 r  u_tpu/u_accumulator/write_reg[2][0][7]_i_22/CO[3]
                         net (fo=1, routed)           0.000    10.230    u_tpu/u_accumulator/write_reg[2][0][7]_i_22_n_0
    SLICE_X38Y137        CARRY4 (Prop_carry4_CI_O[3])
                                                      0.315    10.545 f  u_tpu/u_accumulator/write_reg[2][0][7]_i_8/O[3]
                         net (fo=165, routed)         0.867    11.412    u_tpu/u_accumulator/state_reg_rep_9[3]
    SLICE_X43Y141        LUT5 (Prop_lut5_I2_O)        0.307    11.719 f  u_tpu/u_accumulator/write[2][0][7]_i_182/O
                         net (fo=4, routed)           0.937    12.657    u_tpu/u_accumulator/write[2][0][7]_i_182_n_0
    SLICE_X43Y142        LUT6 (Prop_lut6_I0_O)        0.124    12.781 f  u_tpu/u_accumulator/write[2][0][7]_i_93/O
                         net (fo=6, routed)           0.767    13.547    u_tpu/u_accumulator/write[2][0][7]_i_93_n_0
    SLICE_X43Y144        LUT3 (Prop_lut3_I0_O)        0.124    13.671 f  u_tpu/u_accumulator/write[2][0][7]_i_301/O
                         net (fo=10, routed)          0.450    14.121    u_tpu/u_accumulator/u_leaky_relu/shifted[2]_14[9]
    SLICE_X43Y144        LUT6 (Prop_lut6_I5_O)        0.124    14.245 f  u_tpu/u_accumulator/write[2][0][7]_i_302/O
                         net (fo=5, routed)           0.668    14.913    u_tpu/u_accumulator/write[2][0][7]_i_302_n_0
    SLICE_X43Y145        LUT5 (Prop_lut5_I0_O)        0.124    15.037 f  u_tpu/u_accumulator/write[2][0][7]_i_300/O
                         net (fo=4, routed)           0.466    15.503    u_tpu/u_accumulator/write[2][0][7]_i_300_n_0
    SLICE_X41Y146        LUT6 (Prop_lut6_I0_O)        0.124    15.627 r  u_tpu/u_accumulator/write[2][0][7]_i_253/O
                         net (fo=1, routed)           0.473    16.100    u_tpu/u_accumulator/write[2][0][7]_i_253_n_0
    SLICE_X41Y147        CARRY4 (Prop_carry4_DI[1]_CO[3])
                                                      0.507    16.607 r  u_tpu/u_accumulator/write_reg[2][0][7]_i_152/CO[3]
                         net (fo=1, routed)           0.000    16.607    u_uart_top/u_host_controller/write_reg[2][0][7]_i_17_0[0]
    SLICE_X41Y148        CARRY4 (Prop_carry4_CI_CO[3])
                                                      0.114    16.721 r  u_uart_top/u_host_controller/write_reg[2][0][7]_i_56/CO[3]
                         net (fo=1, routed)           0.000    16.721    u_uart_top/u_host_controller/write_reg[2][0][7]_i_56_n_0
    SLICE_X41Y149        CARRY4 (Prop_carry4_CI_CO[3])
                                                      0.114    16.835 r  u_uart_top/u_host_controller/write_reg[2][0][7]_i_17/CO[3]
                         net (fo=1, routed)           0.001    16.836    u_uart_top/u_host_controller/write_reg[2][0][7]_i_17_n_0
    SLICE_X41Y150        CARRY4 (Prop_carry4_CI_CO[0])
                                                      0.271    17.107 f  u_uart_top/u_host_controller/write_reg[2][0][7]_i_6/CO[0]
                         net (fo=8, routed)           0.856    17.963    u_tpu/u_accumulator/write_reg[2][7][6][0]
    SLICE_X39Y150        LUT6 (Prop_lut6_I3_O)        0.373    18.336 r  u_tpu/u_accumulator/write[2][0][5]_i_2/O
                         net (fo=1, routed)           0.566    18.902    u_uart_top/u_host_controller/write_reg[2][7][5]
    SLICE_X40Y150        LUT5 (Prop_lut5_I0_O)        0.124    19.026 r  u_uart_top/u_host_controller/write[2][0][5]_i_1/O
                         net (fo=8, routed)           0.660    19.686    u_tpu/u_unified_buffer/write_reg[2][7][7]_0[5]
    SLICE_X39Y151        FDRE                                         r  u_tpu/u_unified_buffer/write_reg[2][3][5]/D
  -------------------------------------------------------------------    -------------------

                         (clock sys_clk_pin rise edge)
                                                     10.000    10.000 r  
    E3                                                0.000    10.000 r  clk (IN)
                         net (fo=0)                   0.000    10.000    clk
    E3                   IBUF (Prop_ibuf_I_O)         1.411    11.411 r  clk_IBUF_inst/O
                         net (fo=1, routed)           1.920    13.331    clk_IBUF
    BUFGCTRL_X0Y16       BUFG (Prop_bufg_I_O)         0.091    13.422 r  clk_IBUF_BUFG_inst/O
                         net (fo=7808, routed)        1.677    15.099    u_tpu/u_unified_buffer/clk_IBUF_BUFG
    SLICE_X39Y151        FDRE                                         r  u_tpu/u_unified_buffer/write_reg[2][3][5]/C
                         clock pessimism              0.188    15.287    
                         clock uncertainty           -0.035    15.252    
    SLICE_X39Y151        FDRE (Setup_fdre_C_D)       -0.061    15.191    u_tpu/u_unified_buffer/write_reg[2][3][5]
  -------------------------------------------------------------------
                         required time                         15.191    
                         arrival time                         -19.686    
  -------------------------------------------------------------------
                         slack                                 -4.495    

Slack (VIOLATED) :        -4.489ns  (required time - arrival time)
  Source:                 u_tpu/u_accumulator/state_reg_replica/C
                            (rising edge-triggered cell FDRE clocked by sys_clk_pin  {rise@0.000ns fall@5.000ns period=10.000ns})
  Destination:            u_tpu/u_unified_buffer/write_reg[2][0][5]/D
                            (rising edge-triggered cell FDRE clocked by sys_clk_pin  {rise@0.000ns fall@5.000ns period=10.000ns})
  Path Group:             sys_clk_pin
  Path Type:              Setup (Max at Slow Process Corner)
  Requirement:            10.000ns  (sys_clk_pin rise@10.000ns - sys_clk_pin rise@0.000ns)
  Data Path Delay:        14.455ns  (logic 5.190ns (35.904%)  route 9.265ns (64.096%))
  Logic Levels:           24  (CARRY4=12 LUT2=1 LUT3=1 LUT5=4 LUT6=5 MUXF7=1)
  Clock Path Skew:        0.069ns (DCD - SCD + CPR)
    Destination Clock Delay (DCD):    5.099ns = ( 15.099 - 10.000 ) 
    Source Clock Delay      (SCD):    5.218ns
    Clock Pessimism Removal (CPR):    0.188ns
  Clock Uncertainty:      0.035ns  ((TSJ^2 + TIJ^2)^1/2 + DJ) / 2 + PE
    Total System Jitter     (TSJ):    0.071ns
    Total Input Jitter      (TIJ):    0.000ns
    Discrete Jitter          (DJ):    0.000ns
    Phase Error              (PE):    0.000ns

    Location             Delay type                Incr(ns)  Path(ns)    Netlist Resource(s)
  -------------------------------------------------------------------    -------------------
                         (clock sys_clk_pin rise edge)
                                                      0.000     0.000 r  
    E3                                                0.000     0.000 r  clk (IN)
                         net (fo=0)                   0.000     0.000    clk
    E3                   IBUF (Prop_ibuf_I_O)         1.482     1.482 r  clk_IBUF_inst/O
                         net (fo=1, routed)           2.025     3.506    clk_IBUF
    BUFGCTRL_X0Y16       BUFG (Prop_bufg_I_O)         0.096     3.602 r  clk_IBUF_BUFG_inst/O
                         net (fo=7808, routed)        1.616     5.218    u_tpu/u_accumulator/clk_IBUF_BUFG
    SLICE_X40Y134        FDRE                                         r  u_tpu/u_accumulator/state_reg_replica/C
  -------------------------------------------------------------------    -------------------
    SLICE_X40Y134        FDRE (Prop_fdre_C_Q)         0.456     5.674 r  u_tpu/u_accumulator/state_reg_replica/Q
                         net (fo=2, routed)           0.446     6.120    u_tpu/u_accumulator/state_reg_0_repN
    SLICE_X42Y134        LUT2 (Prop_lut2_I0_O)        0.124     6.244 r  u_tpu/u_accumulator/write[0][0][7]_i_10/O
                         net (fo=72, routed)          1.054     7.298    u_tpu/u_bias_add/write_reg[0][0][7]_i_99_0
    SLICE_X42Y132        LUT6 (Prop_lut6_I2_O)        0.124     7.422 r  u_tpu/u_bias_add/write[0][0][3]_i_72/O
                         net (fo=1, routed)           0.000     7.422    u_tpu/u_bias_add/write[0][0][3]_i_72_n_0
    SLICE_X42Y132        MUXF7 (Prop_muxf7_I0_O)      0.209     7.631 r  u_tpu/u_bias_add/write_reg[0][0][3]_i_54/O
                         net (fo=8, routed)           1.067     8.698    u_tpu/u_accumulator/bias_reg[1]
    SLICE_X38Y130        LUT5 (Prop_lut5_I4_O)        0.297     8.995 r  u_tpu/u_accumulator/write[2][0][3]_i_32/O
                         net (fo=1, routed)           0.000     8.995    u_tpu/u_accumulator/write[2][0][3]_i_32_n_0
    SLICE_X38Y130        CARRY4 (Prop_carry4_S[1]_CO[3])
                                                      0.533     9.528 r  u_tpu/u_accumulator/write_reg[2][0][3]_i_21/CO[3]
                         net (fo=1, routed)           0.000     9.528    u_tpu/u_accumulator/write_reg[2][0][3]_i_21_n_0
    SLICE_X38Y131        CARRY4 (Prop_carry4_CI_CO[3])
                                                      0.117     9.645 r  u_tpu/u_accumulator/write_reg[2][0][5]_i_20/CO[3]
                         net (fo=1, routed)           0.000     9.645    u_tpu/u_accumulator/write_reg[2][0][5]_i_20_n_0
    SLICE_X38Y132        CARRY4 (Prop_carry4_CI_CO[3])
                                                      0.117     9.762 r  u_tpu/u_accumulator/write_reg[2][0][6]_i_18/CO[3]
                         net (fo=1, routed)           0.000     9.762    u_tpu/u_accumulator/write_reg[2][0][6]_i_18_n_0
    SLICE_X38Y133        CARRY4 (Prop_carry4_CI_CO[3])
                                                      0.117     9.879 r  u_tpu/u_accumulator/write_reg[2][0][6]_i_20/CO[3]
                         net (fo=1, routed)           0.000     9.879    u_tpu/u_accumulator/write_reg[2][0][6]_i_20_n_0
    SLICE_X38Y134        CARRY4 (Prop_carry4_CI_CO[3])
                                                      0.117     9.996 r  u_tpu/u_accumulator/write_reg[2][0][3]_i_23/CO[3]
                         net (fo=1, routed)           0.000     9.996    u_tpu/u_accumulator/write_reg[2][0][3]_i_23_n_0
    SLICE_X38Y135        CARRY4 (Prop_carry4_CI_CO[3])
                                                      0.117    10.113 r  u_tpu/u_accumulator/write_reg[2][0][7]_i_73/CO[3]
                         net (fo=1, routed)           0.000    10.113    u_tpu/u_accumulator/write_reg[2][0][7]_i_73_n_0
    SLICE_X38Y136        CARRY4 (Prop_carry4_CI_CO[3])
                                                      0.117    10.230 r  u_tpu/u_accumulator/write_reg[2][0][7]_i_22/CO[3]
                         net (fo=1, routed)           0.000    10.230    u_tpu/u_accumulator/write_reg[2][0][7]_i_22_n_0
    SLICE_X38Y137        CARRY4 (Prop_carry4_CI_O[3])
                                                      0.315    10.545 f  u_tpu/u_accumulator/write_reg[2][0][7]_i_8/O[3]
                         net (fo=165, routed)         0.867    11.412    u_tpu/u_accumulator/state_reg_rep_9[3]
    SLICE_X43Y141        LUT5 (Prop_lut5_I2_O)        0.307    11.719 f  u_tpu/u_accumulator/write[2][0][7]_i_182/O
                         net (fo=4, routed)           0.937    12.657    u_tpu/u_accumulator/write[2][0][7]_i_182_n_0
    SLICE_X43Y142        LUT6 (Prop_lut6_I0_O)        0.124    12.781 f  u_tpu/u_accumulator/write[2][0][7]_i_93/O
                         net (fo=6, routed)           0.767    13.547    u_tpu/u_accumulator/write[2][0][7]_i_93_n_0
    SLICE_X43Y144        LUT3 (Prop_lut3_I0_O)        0.124    13.671 f  u_tpu/u_accumulator/write[2][0][7]_i_301/O
                         net (fo=10, routed)          0.450    14.121    u_tpu/u_accumulator/u_leaky_relu/shifted[2]_14[9]
    SLICE_X43Y144        LUT6 (Prop_lut6_I5_O)        0.124    14.245 f  u_tpu/u_accumulator/write[2][0][7]_i_302/O
                         net (fo=5, routed)           0.668    14.913    u_tpu/u_accumulator/write[2][0][7]_i_302_n_0
    SLICE_X43Y145        LUT5 (Prop_lut5_I0_O)        0.124    15.037 f  u_tpu/u_accumulator/write[2][0][7]_i_300/O
                         net (fo=4, routed)           0.466    15.503    u_tpu/u_accumulator/write[2][0][7]_i_300_n_0
    SLICE_X41Y146        LUT6 (Prop_lut6_I0_O)        0.124    15.627 r  u_tpu/u_accumulator/write[2][0][7]_i_253/O
                         net (fo=1, routed)           0.473    16.100    u_tpu/u_accumulator/write[2][0][7]_i_253_n_0
    SLICE_X41Y147        CARRY4 (Prop_carry4_DI[1]_CO[3])
                                                      0.507    16.607 r  u_tpu/u_accumulator/write_reg[2][0][7]_i_152/CO[3]
                         net (fo=1, routed)           0.000    16.607    u_uart_top/u_host_controller/write_reg[2][0][7]_i_17_0[0]
    SLICE_X41Y148        CARRY4 (Prop_carry4_CI_CO[3])
                                                      0.114    16.721 r  u_uart_top/u_host_controller/write_reg[2][0][7]_i_56/CO[3]
                         net (fo=1, routed)           0.000    16.721    u_uart_top/u_host_controller/write_reg[2][0][7]_i_56_n_0
    SLICE_X41Y149        CARRY4 (Prop_carry4_CI_CO[3])
                                                      0.114    16.835 r  u_uart_top/u_host_controller/write_reg[2][0][7]_i_17/CO[3]
                         net (fo=1, routed)           0.001    16.836    u_uart_top/u_host_controller/write_reg[2][0][7]_i_17_n_0
    SLICE_X41Y150        CARRY4 (Prop_carry4_CI_CO[0])
                                                      0.271    17.107 f  u_uart_top/u_host_controller/write_reg[2][0][7]_i_6/CO[0]
                         net (fo=8, routed)           0.856    17.963    u_tpu/u_accumulator/write_reg[2][7][6][0]
    SLICE_X39Y150        LUT6 (Prop_lut6_I3_O)        0.373    18.336 r  u_tpu/u_accumulator/write[2][0][5]_i_2/O
                         net (fo=1, routed)           0.566    18.902    u_uart_top/u_host_controller/write_reg[2][7][5]
    SLICE_X40Y150        LUT5 (Prop_lut5_I0_O)        0.124    19.026 r  u_uart_top/u_host_controller/write[2][0][5]_i_1/O
                         net (fo=8, routed)           0.648    19.674    u_tpu/u_unified_buffer/write_reg[2][7][7]_0[5]
    SLICE_X41Y150        FDRE                                         r  u_tpu/u_unified_buffer/write_reg[2][0][5]/D
  -------------------------------------------------------------------    -------------------

                         (clock sys_clk_pin rise edge)
                                                     10.000    10.000 r  
    E3                                                0.000    10.000 r  clk (IN)
                         net (fo=0)                   0.000    10.000    clk
    E3                   IBUF (Prop_ibuf_I_O)         1.411    11.411 r  clk_IBUF_inst/O
                         net (fo=1, routed)           1.920    13.331    clk_IBUF
    BUFGCTRL_X0Y16       BUFG (Prop_bufg_I_O)         0.091    13.422 r  clk_IBUF_BUFG_inst/O
                         net (fo=7808, routed)        1.677    15.099    u_tpu/u_unified_buffer/clk_IBUF_BUFG
    SLICE_X41Y150        FDRE                                         r  u_tpu/u_unified_buffer/write_reg[2][0][5]/C
                         clock pessimism              0.188    15.287    
                         clock uncertainty           -0.035    15.252    
    SLICE_X41Y150        FDRE (Setup_fdre_C_D)       -0.067    15.185    u_tpu/u_unified_buffer/write_reg[2][0][5]
  -------------------------------------------------------------------
                         required time                         15.185    
                         arrival time                         -19.674    
  -------------------------------------------------------------------
                         slack                                 -4.489    

Slack (VIOLATED) :        -4.485ns  (required time - arrival time)
  Source:                 u_tpu/u_accumulator/state_reg_replica/C
                            (rising edge-triggered cell FDRE clocked by sys_clk_pin  {rise@0.000ns fall@5.000ns period=10.000ns})
  Destination:            u_tpu/u_unified_buffer/write_reg[2][5][5]/D
                            (rising edge-triggered cell FDRE clocked by sys_clk_pin  {rise@0.000ns fall@5.000ns period=10.000ns})
  Path Group:             sys_clk_pin
  Path Type:              Setup (Max at Slow Process Corner)
  Requirement:            10.000ns  (sys_clk_pin rise@10.000ns - sys_clk_pin rise@0.000ns)
  Data Path Delay:        14.366ns  (logic 5.190ns (36.127%)  route 9.176ns (63.873%))
  Logic Levels:           24  (CARRY4=12 LUT2=1 LUT3=1 LUT5=4 LUT6=5 MUXF7=1)
  Clock Path Skew:        -0.017ns (DCD - SCD + CPR)
    Destination Clock Delay (DCD):    4.925ns = ( 14.925 - 10.000 ) 
    Source Clock Delay      (SCD):    5.218ns
    Clock Pessimism Removal (CPR):    0.276ns
  Clock Uncertainty:      0.035ns  ((TSJ^2 + TIJ^2)^1/2 + DJ) / 2 + PE
    Total System Jitter     (TSJ):    0.071ns
    Total Input Jitter      (TIJ):    0.000ns
    Discrete Jitter          (DJ):    0.000ns
    Phase Error              (PE):    0.000ns

    Location             Delay type                Incr(ns)  Path(ns)    Netlist Resource(s)
  -------------------------------------------------------------------    -------------------
                         (clock sys_clk_pin rise edge)
                                                      0.000     0.000 r  
    E3                                                0.000     0.000 r  clk (IN)
                         net (fo=0)                   0.000     0.000    clk
    E3                   IBUF (Prop_ibuf_I_O)         1.482     1.482 r  clk_IBUF_inst/O
                         net (fo=1, routed)           2.025     3.506    clk_IBUF
    BUFGCTRL_X0Y16       BUFG (Prop_bufg_I_O)         0.096     3.602 r  clk_IBUF_BUFG_inst/O
                         net (fo=7808, routed)        1.616     5.218    u_tpu/u_accumulator/clk_IBUF_BUFG
    SLICE_X40Y134        FDRE                                         r  u_tpu/u_accumulator/state_reg_replica/C
  -------------------------------------------------------------------    -------------------
    SLICE_X40Y134        FDRE (Prop_fdre_C_Q)         0.456     5.674 r  u_tpu/u_accumulator/state_reg_replica/Q
                         net (fo=2, routed)           0.446     6.120    u_tpu/u_accumulator/state_reg_0_repN
    SLICE_X42Y134        LUT2 (Prop_lut2_I0_O)        0.124     6.244 r  u_tpu/u_accumulator/write[0][0][7]_i_10/O
                         net (fo=72, routed)          1.054     7.298    u_tpu/u_bias_add/write_reg[0][0][7]_i_99_0
    SLICE_X42Y132        LUT6 (Prop_lut6_I2_O)        0.124     7.422 r  u_tpu/u_bias_add/write[0][0][3]_i_72/O
                         net (fo=1, routed)           0.000     7.422    u_tpu/u_bias_add/write[0][0][3]_i_72_n_0
    SLICE_X42Y132        MUXF7 (Prop_muxf7_I0_O)      0.209     7.631 r  u_tpu/u_bias_add/write_reg[0][0][3]_i_54/O
                         net (fo=8, routed)           1.067     8.698    u_tpu/u_accumulator/bias_reg[1]
    SLICE_X38Y130        LUT5 (Prop_lut5_I4_O)        0.297     8.995 r  u_tpu/u_accumulator/write[2][0][3]_i_32/O
                         net (fo=1, routed)           0.000     8.995    u_tpu/u_accumulator/write[2][0][3]_i_32_n_0
    SLICE_X38Y130        CARRY4 (Prop_carry4_S[1]_CO[3])
                                                      0.533     9.528 r  u_tpu/u_accumulator/write_reg[2][0][3]_i_21/CO[3]
                         net (fo=1, routed)           0.000     9.528    u_tpu/u_accumulator/write_reg[2][0][3]_i_21_n_0
    SLICE_X38Y131        CARRY4 (Prop_carry4_CI_CO[3])
                                                      0.117     9.645 r  u_tpu/u_accumulator/write_reg[2][0][5]_i_20/CO[3]
                         net (fo=1, routed)           0.000     9.645    u_tpu/u_accumulator/write_reg[2][0][5]_i_20_n_0
    SLICE_X38Y132        CARRY4 (Prop_carry4_CI_CO[3])
                                                      0.117     9.762 r  u_tpu/u_accumulator/write_reg[2][0][6]_i_18/CO[3]
                         net (fo=1, routed)           0.000     9.762    u_tpu/u_accumulator/write_reg[2][0][6]_i_18_n_0
    SLICE_X38Y133        CARRY4 (Prop_carry4_CI_CO[3])
                                                      0.117     9.879 r  u_tpu/u_accumulator/write_reg[2][0][6]_i_20/CO[3]
                         net (fo=1, routed)           0.000     9.879    u_tpu/u_accumulator/write_reg[2][0][6]_i_20_n_0
    SLICE_X38Y134        CARRY4 (Prop_carry4_CI_CO[3])
                                                      0.117     9.996 r  u_tpu/u_accumulator/write_reg[2][0][3]_i_23/CO[3]
                         net (fo=1, routed)           0.000     9.996    u_tpu/u_accumulator/write_reg[2][0][3]_i_23_n_0
    SLICE_X38Y135        CARRY4 (Prop_carry4_CI_CO[3])
                                                      0.117    10.113 r  u_tpu/u_accumulator/write_reg[2][0][7]_i_73/CO[3]
                         net (fo=1, routed)           0.000    10.113    u_tpu/u_accumulator/write_reg[2][0][7]_i_73_n_0
    SLICE_X38Y136        CARRY4 (Prop_carry4_CI_CO[3])
                                                      0.117    10.230 r  u_tpu/u_accumulator/write_reg[2][0][7]_i_22/CO[3]
                         net (fo=1, routed)           0.000    10.230    u_tpu/u_accumulator/write_reg[2][0][7]_i_22_n_0
    SLICE_X38Y137        CARRY4 (Prop_carry4_CI_O[3])
                                                      0.315    10.545 f  u_tpu/u_accumulator/write_reg[2][0][7]_i_8/O[3]
                         net (fo=165, routed)         0.867    11.412    u_tpu/u_accumulator/state_reg_rep_9[3]
    SLICE_X43Y141        LUT5 (Prop_lut5_I2_O)        0.307    11.719 f  u_tpu/u_accumulator/write[2][0][7]_i_182/O
                         net (fo=4, routed)           0.937    12.657    u_tpu/u_accumulator/write[2][0][7]_i_182_n_0
    SLICE_X43Y142        LUT6 (Prop_lut6_I0_O)        0.124    12.781 f  u_tpu/u_accumulator/write[2][0][7]_i_93/O
                         net (fo=6, routed)           0.767    13.547    u_tpu/u_accumulator/write[2][0][7]_i_93_n_0
    SLICE_X43Y144        LUT3 (Prop_lut3_I0_O)        0.124    13.671 f  u_tpu/u_accumulator/write[2][0][7]_i_301/O
                         net (fo=10, routed)          0.450    14.121    u_tpu/u_accumulator/u_leaky_relu/shifted[2]_14[9]
    SLICE_X43Y144        LUT6 (Prop_lut6_I5_O)        0.124    14.245 f  u_tpu/u_accumulator/write[2][0][7]_i_302/O
                         net (fo=5, routed)           0.668    14.913    u_tpu/u_accumulator/write[2][0][7]_i_302_n_0
    SLICE_X43Y145        LUT5 (Prop_lut5_I0_O)        0.124    15.037 f  u_tpu/u_accumulator/write[2][0][7]_i_300/O
                         net (fo=4, routed)           0.466    15.503    u_tpu/u_accumulator/write[2][0][7]_i_300_n_0
    SLICE_X41Y146        LUT6 (Prop_lut6_I0_O)        0.124    15.627 r  u_tpu/u_accumulator/write[2][0][7]_i_253/O
                         net (fo=1, routed)           0.473    16.100    u_tpu/u_accumulator/write[2][0][7]_i_253_n_0
    SLICE_X41Y147        CARRY4 (Prop_carry4_DI[1]_CO[3])
                                                      0.507    16.607 r  u_tpu/u_accumulator/write_reg[2][0][7]_i_152/CO[3]
                         net (fo=1, routed)           0.000    16.607    u_uart_top/u_host_controller/write_reg[2][0][7]_i_17_0[0]
    SLICE_X41Y148        CARRY4 (Prop_carry4_CI_CO[3])
                                                      0.114    16.721 r  u_uart_top/u_host_controller/write_reg[2][0][7]_i_56/CO[3]
                         net (fo=1, routed)           0.000    16.721    u_uart_top/u_host_controller/write_reg[2][0][7]_i_56_n_0
    SLICE_X41Y149        CARRY4 (Prop_carry4_CI_CO[3])
                                                      0.114    16.835 r  u_uart_top/u_host_controller/write_reg[2][0][7]_i_17/CO[3]
                         net (fo=1, routed)           0.001    16.836    u_uart_top/u_host_controller/write_reg[2][0][7]_i_17_n_0
    SLICE_X41Y150        CARRY4 (Prop_carry4_CI_CO[0])
                                                      0.271    17.107 f  u_uart_top/u_host_controller/write_reg[2][0][7]_i_6/CO[0]
                         net (fo=8, routed)           0.856    17.963    u_tpu/u_accumulator/write_reg[2][7][6][0]
    SLICE_X39Y150        LUT6 (Prop_lut6_I3_O)        0.373    18.336 r  u_tpu/u_accumulator/write[2][0][5]_i_2/O
                         net (fo=1, routed)           0.566    18.902    u_uart_top/u_host_controller/write_reg[2][7][5]
    SLICE_X40Y150        LUT5 (Prop_lut5_I0_O)        0.124    19.026 r  u_uart_top/u_host_controller/write[2][0][5]_i_1/O
                         net (fo=8, routed)           0.558    19.584    u_tpu/u_unified_buffer/write_reg[2][7][7]_0[5]
    SLICE_X39Y149        FDRE                                         r  u_tpu/u_unified_buffer/write_reg[2][5][5]/D
  -------------------------------------------------------------------    -------------------

                         (clock sys_clk_pin rise edge)
                                                     10.000    10.000 r  
    E3                                                0.000    10.000 r  clk (IN)
                         net (fo=0)                   0.000    10.000    clk
    E3                   IBUF (Prop_ibuf_I_O)         1.411    11.411 r  clk_IBUF_inst/O
                         net (fo=1, routed)           1.920    13.331    clk_IBUF
    BUFGCTRL_X0Y16       BUFG (Prop_bufg_I_O)         0.091    13.422 r  clk_IBUF_BUFG_inst/O
                         net (fo=7808, routed)        1.503    14.925    u_tpu/u_unified_buffer/clk_IBUF_BUFG
    SLICE_X39Y149        FDRE                                         r  u_tpu/u_unified_buffer/write_reg[2][5][5]/C
                         clock pessimism              0.276    15.201    
                         clock uncertainty           -0.035    15.166    
    SLICE_X39Y149        FDRE (Setup_fdre_C_D)       -0.067    15.099    u_tpu/u_unified_buffer/write_reg[2][5][5]
  -------------------------------------------------------------------
                         required time                         15.099    
                         arrival time                         -19.584    
  -------------------------------------------------------------------
                         slack                                 -4.485    

Slack (VIOLATED) :        -4.402ns  (required time - arrival time)
  Source:                 u_tpu/u_accumulator/state_reg_replica/C
                            (rising edge-triggered cell FDRE clocked by sys_clk_pin  {rise@0.000ns fall@5.000ns period=10.000ns})
  Destination:            u_tpu/u_unified_buffer/write_reg[2][2][5]/D
                            (rising edge-triggered cell FDRE clocked by sys_clk_pin  {rise@0.000ns fall@5.000ns period=10.000ns})
  Path Group:             sys_clk_pin
  Path Type:              Setup (Max at Slow Process Corner)
  Requirement:            10.000ns  (sys_clk_pin rise@10.000ns - sys_clk_pin rise@0.000ns)
  Data Path Delay:        14.369ns  (logic 5.190ns (36.120%)  route 9.179ns (63.880%))
  Logic Levels:           24  (CARRY4=12 LUT2=1 LUT3=1 LUT5=4 LUT6=5 MUXF7=1)
  Clock Path Skew:        0.069ns (DCD - SCD + CPR)
    Destination Clock Delay (DCD):    5.099ns = ( 15.099 - 10.000 ) 
    Source Clock Delay      (SCD):    5.218ns
    Clock Pessimism Removal (CPR):    0.188ns
  Clock Uncertainty:      0.035ns  ((TSJ^2 + TIJ^2)^1/2 + DJ) / 2 + PE
    Total System Jitter     (TSJ):    0.071ns
    Total Input Jitter      (TIJ):    0.000ns
    Discrete Jitter          (DJ):    0.000ns
    Phase Error              (PE):    0.000ns

    Location             Delay type                Incr(ns)  Path(ns)    Netlist Resource(s)
  -------------------------------------------------------------------    -------------------
                         (clock sys_clk_pin rise edge)
                                                      0.000     0.000 r  
    E3                                                0.000     0.000 r  clk (IN)
                         net (fo=0)                   0.000     0.000    clk
    E3                   IBUF (Prop_ibuf_I_O)         1.482     1.482 r  clk_IBUF_inst/O
                         net (fo=1, routed)           2.025     3.506    clk_IBUF
    BUFGCTRL_X0Y16       BUFG (Prop_bufg_I_O)         0.096     3.602 r  clk_IBUF_BUFG_inst/O
                         net (fo=7808, routed)        1.616     5.218    u_tpu/u_accumulator/clk_IBUF_BUFG
    SLICE_X40Y134        FDRE                                         r  u_tpu/u_accumulator/state_reg_replica/C
  -------------------------------------------------------------------    -------------------
    SLICE_X40Y134        FDRE (Prop_fdre_C_Q)         0.456     5.674 r  u_tpu/u_accumulator/state_reg_replica/Q
                         net (fo=2, routed)           0.446     6.120    u_tpu/u_accumulator/state_reg_0_repN
    SLICE_X42Y134        LUT2 (Prop_lut2_I0_O)        0.124     6.244 r  u_tpu/u_accumulator/write[0][0][7]_i_10/O
                         net (fo=72, routed)          1.054     7.298    u_tpu/u_bias_add/write_reg[0][0][7]_i_99_0
    SLICE_X42Y132        LUT6 (Prop_lut6_I2_O)        0.124     7.422 r  u_tpu/u_bias_add/write[0][0][3]_i_72/O
                         net (fo=1, routed)           0.000     7.422    u_tpu/u_bias_add/write[0][0][3]_i_72_n_0
    SLICE_X42Y132        MUXF7 (Prop_muxf7_I0_O)      0.209     7.631 r  u_tpu/u_bias_add/write_reg[0][0][3]_i_54/O
                         net (fo=8, routed)           1.067     8.698    u_tpu/u_accumulator/bias_reg[1]
    SLICE_X38Y130        LUT5 (Prop_lut5_I4_O)        0.297     8.995 r  u_tpu/u_accumulator/write[2][0][3]_i_32/O
                         net (fo=1, routed)           0.000     8.995    u_tpu/u_accumulator/write[2][0][3]_i_32_n_0
    SLICE_X38Y130        CARRY4 (Prop_carry4_S[1]_CO[3])
                                                      0.533     9.528 r  u_tpu/u_accumulator/write_reg[2][0][3]_i_21/CO[3]
                         net (fo=1, routed)           0.000     9.528    u_tpu/u_accumulator/write_reg[2][0][3]_i_21_n_0
    SLICE_X38Y131        CARRY4 (Prop_carry4_CI_CO[3])
                                                      0.117     9.645 r  u_tpu/u_accumulator/write_reg[2][0][5]_i_20/CO[3]
                         net (fo=1, routed)           0.000     9.645    u_tpu/u_accumulator/write_reg[2][0][5]_i_20_n_0
    SLICE_X38Y132        CARRY4 (Prop_carry4_CI_CO[3])
                                                      0.117     9.762 r  u_tpu/u_accumulator/write_reg[2][0][6]_i_18/CO[3]
                         net (fo=1, routed)           0.000     9.762    u_tpu/u_accumulator/write_reg[2][0][6]_i_18_n_0
    SLICE_X38Y133        CARRY4 (Prop_carry4_CI_CO[3])
                                                      0.117     9.879 r  u_tpu/u_accumulator/write_reg[2][0][6]_i_20/CO[3]
                         net (fo=1, routed)           0.000     9.879    u_tpu/u_accumulator/write_reg[2][0][6]_i_20_n_0
    SLICE_X38Y134        CARRY4 (Prop_carry4_CI_CO[3])
                                                      0.117     9.996 r  u_tpu/u_accumulator/write_reg[2][0][3]_i_23/CO[3]
                         net (fo=1, routed)           0.000     9.996    u_tpu/u_accumulator/write_reg[2][0][3]_i_23_n_0
    SLICE_X38Y135        CARRY4 (Prop_carry4_CI_CO[3])
                                                      0.117    10.113 r  u_tpu/u_accumulator/write_reg[2][0][7]_i_73/CO[3]
                         net (fo=1, routed)           0.000    10.113    u_tpu/u_accumulator/write_reg[2][0][7]_i_73_n_0
    SLICE_X38Y136        CARRY4 (Prop_carry4_CI_CO[3])
                                                      0.117    10.230 r  u_tpu/u_accumulator/write_reg[2][0][7]_i_22/CO[3]
                         net (fo=1, routed)           0.000    10.230    u_tpu/u_accumulator/write_reg[2][0][7]_i_22_n_0
    SLICE_X38Y137        CARRY4 (Prop_carry4_CI_O[3])
                                                      0.315    10.545 f  u_tpu/u_accumulator/write_reg[2][0][7]_i_8/O[3]
                         net (fo=165, routed)         0.867    11.412    u_tpu/u_accumulator/state_reg_rep_9[3]
    SLICE_X43Y141        LUT5 (Prop_lut5_I2_O)        0.307    11.719 f  u_tpu/u_accumulator/write[2][0][7]_i_182/O
                         net (fo=4, routed)           0.937    12.657    u_tpu/u_accumulator/write[2][0][7]_i_182_n_0
    SLICE_X43Y142        LUT6 (Prop_lut6_I0_O)        0.124    12.781 f  u_tpu/u_accumulator/write[2][0][7]_i_93/O
                         net (fo=6, routed)           0.767    13.547    u_tpu/u_accumulator/write[2][0][7]_i_93_n_0
    SLICE_X43Y144        LUT3 (Prop_lut3_I0_O)        0.124    13.671 f  u_tpu/u_accumulator/write[2][0][7]_i_301/O
                         net (fo=10, routed)          0.450    14.121    u_tpu/u_accumulator/u_leaky_relu/shifted[2]_14[9]
    SLICE_X43Y144        LUT6 (Prop_lut6_I5_O)        0.124    14.245 f  u_tpu/u_accumulator/write[2][0][7]_i_302/O
                         net (fo=5, routed)           0.668    14.913    u_tpu/u_accumulator/write[2][0][7]_i_302_n_0
    SLICE_X43Y145        LUT5 (Prop_lut5_I0_O)        0.124    15.037 f  u_tpu/u_accumulator/write[2][0][7]_i_300/O
                         net (fo=4, routed)           0.466    15.503    u_tpu/u_accumulator/write[2][0][7]_i_300_n_0
    SLICE_X41Y146        LUT6 (Prop_lut6_I0_O)        0.124    15.627 r  u_tpu/u_accumulator/write[2][0][7]_i_253/O
                         net (fo=1, routed)           0.473    16.100    u_tpu/u_accumulator/write[2][0][7]_i_253_n_0
    SLICE_X41Y147        CARRY4 (Prop_carry4_DI[1]_CO[3])
                                                      0.507    16.607 r  u_tpu/u_accumulator/write_reg[2][0][7]_i_152/CO[3]
                         net (fo=1, routed)           0.000    16.607    u_uart_top/u_host_controller/write_reg[2][0][7]_i_17_0[0]
    SLICE_X41Y148        CARRY4 (Prop_carry4_CI_CO[3])
                                                      0.114    16.721 r  u_uart_top/u_host_controller/write_reg[2][0][7]_i_56/CO[3]
                         net (fo=1, routed)           0.000    16.721    u_uart_top/u_host_controller/write_reg[2][0][7]_i_56_n_0
    SLICE_X41Y149        CARRY4 (Prop_carry4_CI_CO[3])
                                                      0.114    16.835 r  u_uart_top/u_host_controller/write_reg[2][0][7]_i_17/CO[3]
                         net (fo=1, routed)           0.001    16.836    u_uart_top/u_host_controller/write_reg[2][0][7]_i_17_n_0
    SLICE_X41Y150        CARRY4 (Prop_carry4_CI_CO[0])
                                                      0.271    17.107 f  u_uart_top/u_host_controller/write_reg[2][0][7]_i_6/CO[0]
                         net (fo=8, routed)           0.856    17.963    u_tpu/u_accumulator/write_reg[2][7][6][0]
    SLICE_X39Y150        LUT6 (Prop_lut6_I3_O)        0.373    18.336 r  u_tpu/u_accumulator/write[2][0][5]_i_2/O
                         net (fo=1, routed)           0.566    18.902    u_uart_top/u_host_controller/write_reg[2][7][5]
    SLICE_X40Y150        LUT5 (Prop_lut5_I0_O)        0.124    19.026 r  u_uart_top/u_host_controller/write[2][0][5]_i_1/O
                         net (fo=8, routed)           0.561    19.587    u_tpu/u_unified_buffer/write_reg[2][7][7]_0[5]
    SLICE_X40Y151        FDRE                                         r  u_tpu/u_unified_buffer/write_reg[2][2][5]/D
  -------------------------------------------------------------------    -------------------

                         (clock sys_clk_pin rise edge)
                                                     10.000    10.000 r  
    E3                                                0.000    10.000 r  clk (IN)
                         net (fo=0)                   0.000    10.000    clk
    E3                   IBUF (Prop_ibuf_I_O)         1.411    11.411 r  clk_IBUF_inst/O
                         net (fo=1, routed)           1.920    13.331    clk_IBUF
    BUFGCTRL_X0Y16       BUFG (Prop_bufg_I_O)         0.091    13.422 r  clk_IBUF_BUFG_inst/O
                         net (fo=7808, routed)        1.677    15.099    u_tpu/u_unified_buffer/clk_IBUF_BUFG
    SLICE_X40Y151        FDRE                                         r  u_tpu/u_unified_buffer/write_reg[2][2][5]/C
                         clock pessimism              0.188    15.287    
                         clock uncertainty           -0.035    15.252    
    SLICE_X40Y151        FDRE (Setup_fdre_C_D)       -0.067    15.185    u_tpu/u_unified_buffer/write_reg[2][2][5]
  -------------------------------------------------------------------
                         required time                         15.185    
                         arrival time                         -19.587    
  -------------------------------------------------------------------
                         slack                                 -4.402    

Slack (VIOLATED) :        -4.382ns  (required time - arrival time)
  Source:                 u_tpu/u_accumulator/state_reg_replica/C
                            (rising edge-triggered cell FDRE clocked by sys_clk_pin  {rise@0.000ns fall@5.000ns period=10.000ns})
  Destination:            u_tpu/u_unified_buffer/write_reg[2][5][6]/D
                            (rising edge-triggered cell FDRE clocked by sys_clk_pin  {rise@0.000ns fall@5.000ns period=10.000ns})
  Path Group:             sys_clk_pin
  Path Type:              Setup (Max at Slow Process Corner)
  Requirement:            10.000ns  (sys_clk_pin rise@10.000ns - sys_clk_pin rise@0.000ns)
  Data Path Delay:        14.396ns  (logic 5.190ns (36.050%)  route 9.206ns (63.950%))
  Logic Levels:           24  (CARRY4=12 LUT2=1 LUT3=1 LUT5=4 LUT6=5 MUXF7=1)
  Clock Path Skew:        0.066ns (DCD - SCD + CPR)
    Destination Clock Delay (DCD):    5.096ns = ( 15.096 - 10.000 ) 
    Source Clock Delay      (SCD):    5.218ns
    Clock Pessimism Removal (CPR):    0.188ns
  Clock Uncertainty:      0.035ns  ((TSJ^2 + TIJ^2)^1/2 + DJ) / 2 + PE
    Total System Jitter     (TSJ):    0.071ns
    Total Input Jitter      (TIJ):    0.000ns
    Discrete Jitter          (DJ):    0.000ns
    Phase Error              (PE):    0.000ns

    Location             Delay type                Incr(ns)  Path(ns)    Netlist Resource(s)
  -------------------------------------------------------------------    -------------------
                         (clock sys_clk_pin rise edge)
                                                      0.000     0.000 r  
    E3                                                0.000     0.000 r  clk (IN)
                         net (fo=0)                   0.000     0.000    clk
    E3                   IBUF (Prop_ibuf_I_O)         1.482     1.482 r  clk_IBUF_inst/O
                         net (fo=1, routed)           2.025     3.506    clk_IBUF
    BUFGCTRL_X0Y16       BUFG (Prop_bufg_I_O)         0.096     3.602 r  clk_IBUF_BUFG_inst/O
                         net (fo=7808, routed)        1.616     5.218    u_tpu/u_accumulator/clk_IBUF_BUFG
    SLICE_X40Y134        FDRE                                         r  u_tpu/u_accumulator/state_reg_replica/C
  -------------------------------------------------------------------    -------------------
    SLICE_X40Y134        FDRE (Prop_fdre_C_Q)         0.456     5.674 r  u_tpu/u_accumulator/state_reg_replica/Q
                         net (fo=2, routed)           0.446     6.120    u_tpu/u_accumulator/state_reg_0_repN
    SLICE_X42Y134        LUT2 (Prop_lut2_I0_O)        0.124     6.244 r  u_tpu/u_accumulator/write[0][0][7]_i_10/O
                         net (fo=72, routed)          1.054     7.298    u_tpu/u_bias_add/write_reg[0][0][7]_i_99_0
    SLICE_X42Y132        LUT6 (Prop_lut6_I2_O)        0.124     7.422 r  u_tpu/u_bias_add/write[0][0][3]_i_72/O
                         net (fo=1, routed)           0.000     7.422    u_tpu/u_bias_add/write[0][0][3]_i_72_n_0
    SLICE_X42Y132        MUXF7 (Prop_muxf7_I0_O)      0.209     7.631 r  u_tpu/u_bias_add/write_reg[0][0][3]_i_54/O
                         net (fo=8, routed)           1.067     8.698    u_tpu/u_accumulator/bias_reg[1]
    SLICE_X38Y130        LUT5 (Prop_lut5_I4_O)        0.297     8.995 r  u_tpu/u_accumulator/write[2][0][3]_i_32/O
                         net (fo=1, routed)           0.000     8.995    u_tpu/u_accumulator/write[2][0][3]_i_32_n_0
    SLICE_X38Y130        CARRY4 (Prop_carry4_S[1]_CO[3])
                                                      0.533     9.528 r  u_tpu/u_accumulator/write_reg[2][0][3]_i_21/CO[3]
                         net (fo=1, routed)           0.000     9.528    u_tpu/u_accumulator/write_reg[2][0][3]_i_21_n_0
    SLICE_X38Y131        CARRY4 (Prop_carry4_CI_CO[3])
                                                      0.117     9.645 r  u_tpu/u_accumulator/write_reg[2][0][5]_i_20/CO[3]
                         net (fo=1, routed)           0.000     9.645    u_tpu/u_accumulator/write_reg[2][0][5]_i_20_n_0
    SLICE_X38Y132        CARRY4 (Prop_carry4_CI_CO[3])
                                                      0.117     9.762 r  u_tpu/u_accumulator/write_reg[2][0][6]_i_18/CO[3]
                         net (fo=1, routed)           0.000     9.762    u_tpu/u_accumulator/write_reg[2][0][6]_i_18_n_0
    SLICE_X38Y133        CARRY4 (Prop_carry4_CI_CO[3])
                                                      0.117     9.879 r  u_tpu/u_accumulator/write_reg[2][0][6]_i_20/CO[3]
                         net (fo=1, routed)           0.000     9.879    u_tpu/u_accumulator/write_reg[2][0][6]_i_20_n_0
    SLICE_X38Y134        CARRY4 (Prop_carry4_CI_CO[3])
                                                      0.117     9.996 r  u_tpu/u_accumulator/write_reg[2][0][3]_i_23/CO[3]
                         net (fo=1, routed)           0.000     9.996    u_tpu/u_accumulator/write_reg[2][0][3]_i_23_n_0
    SLICE_X38Y135        CARRY4 (Prop_carry4_CI_CO[3])
                                                      0.117    10.113 r  u_tpu/u_accumulator/write_reg[2][0][7]_i_73/CO[3]
                         net (fo=1, routed)           0.000    10.113    u_tpu/u_accumulator/write_reg[2][0][7]_i_73_n_0
    SLICE_X38Y136        CARRY4 (Prop_carry4_CI_CO[3])
                                                      0.117    10.230 r  u_tpu/u_accumulator/write_reg[2][0][7]_i_22/CO[3]
                         net (fo=1, routed)           0.000    10.230    u_tpu/u_accumulator/write_reg[2][0][7]_i_22_n_0
    SLICE_X38Y137        CARRY4 (Prop_carry4_CI_O[3])
                                                      0.315    10.545 f  u_tpu/u_accumulator/write_reg[2][0][7]_i_8/O[3]
                         net (fo=165, routed)         0.867    11.412    u_tpu/u_accumulator/state_reg_rep_9[3]
    SLICE_X43Y141        LUT5 (Prop_lut5_I2_O)        0.307    11.719 f  u_tpu/u_accumulator/write[2][0][7]_i_182/O
                         net (fo=4, routed)           0.937    12.657    u_tpu/u_accumulator/write[2][0][7]_i_182_n_0
    SLICE_X43Y142        LUT6 (Prop_lut6_I0_O)        0.124    12.781 f  u_tpu/u_accumulator/write[2][0][7]_i_93/O
                         net (fo=6, routed)           0.767    13.547    u_tpu/u_accumulator/write[2][0][7]_i_93_n_0
    SLICE_X43Y144        LUT3 (Prop_lut3_I0_O)        0.124    13.671 f  u_tpu/u_accumulator/write[2][0][7]_i_301/O
                         net (fo=10, routed)          0.450    14.121    u_tpu/u_accumulator/u_leaky_relu/shifted[2]_14[9]
    SLICE_X43Y144        LUT6 (Prop_lut6_I5_O)        0.124    14.245 f  u_tpu/u_accumulator/write[2][0][7]_i_302/O
                         net (fo=5, routed)           0.668    14.913    u_tpu/u_accumulator/write[2][0][7]_i_302_n_0
    SLICE_X43Y145        LUT5 (Prop_lut5_I0_O)        0.124    15.037 f  u_tpu/u_accumulator/write[2][0][7]_i_300/O
                         net (fo=4, routed)           0.466    15.503    u_tpu/u_accumulator/write[2][0][7]_i_300_n_0
    SLICE_X41Y146        LUT6 (Prop_lut6_I0_O)        0.124    15.627 r  u_tpu/u_accumulator/write[2][0][7]_i_253/O
                         net (fo=1, routed)           0.473    16.100    u_tpu/u_accumulator/write[2][0][7]_i_253_n_0
    SLICE_X41Y147        CARRY4 (Prop_carry4_DI[1]_CO[3])
                                                      0.507    16.607 r  u_tpu/u_accumulator/write_reg[2][0][7]_i_152/CO[3]
                         net (fo=1, routed)           0.000    16.607    u_uart_top/u_host_controller/write_reg[2][0][7]_i_17_0[0]
    SLICE_X41Y148        CARRY4 (Prop_carry4_CI_CO[3])
                                                      0.114    16.721 r  u_uart_top/u_host_controller/write_reg[2][0][7]_i_56/CO[3]
                         net (fo=1, routed)           0.000    16.721    u_uart_top/u_host_controller/write_reg[2][0][7]_i_56_n_0
    SLICE_X41Y149        CARRY4 (Prop_carry4_CI_CO[3])
                                                      0.114    16.835 r  u_uart_top/u_host_controller/write_reg[2][0][7]_i_17/CO[3]
                         net (fo=1, routed)           0.001    16.836    u_uart_top/u_host_controller/write_reg[2][0][7]_i_17_n_0
    SLICE_X41Y150        CARRY4 (Prop_carry4_CI_CO[0])
                                                      0.271    17.107 f  u_uart_top/u_host_controller/write_reg[2][0][7]_i_6/CO[0]
                         net (fo=8, routed)           0.681    17.788    u_tpu/u_accumulator/write_reg[2][7][6][0]
    SLICE_X45Y151        LUT6 (Prop_lut6_I3_O)        0.373    18.161 r  u_tpu/u_accumulator/write[2][0][6]_i_2/O
                         net (fo=1, routed)           0.570    18.731    u_uart_top/u_host_controller/write_reg[2][7][6]
    SLICE_X45Y151        LUT5 (Prop_lut5_I0_O)        0.124    18.855 r  u_uart_top/u_host_controller/write[2][0][6]_i_1/O
                         net (fo=8, routed)           0.760    19.615    u_tpu/u_unified_buffer/write_reg[2][7][7]_0[6]
    SLICE_X42Y151        FDRE                                         r  u_tpu/u_unified_buffer/write_reg[2][5][6]/D
  -------------------------------------------------------------------    -------------------

                         (clock sys_clk_pin rise edge)
                                                     10.000    10.000 r  
    E3                                                0.000    10.000 r  clk (IN)
                         net (fo=0)                   0.000    10.000    clk
    E3                   IBUF (Prop_ibuf_I_O)         1.411    11.411 r  clk_IBUF_inst/O
                         net (fo=1, routed)           1.920    13.331    clk_IBUF
    BUFGCTRL_X0Y16       BUFG (Prop_bufg_I_O)         0.091    13.422 r  clk_IBUF_BUFG_inst/O
                         net (fo=7808, routed)        1.674    15.096    u_tpu/u_unified_buffer/clk_IBUF_BUFG
    SLICE_X42Y151        FDRE                                         r  u_tpu/u_unified_buffer/write_reg[2][5][6]/C
                         clock pessimism              0.188    15.284    
                         clock uncertainty           -0.035    15.249    
    SLICE_X42Y151        FDRE (Setup_fdre_C_D)       -0.016    15.233    u_tpu/u_unified_buffer/write_reg[2][5][6]
  -------------------------------------------------------------------
                         required time                         15.233    
                         arrival time                         -19.615    
  -------------------------------------------------------------------
                         slack                                 -4.382    

Slack (VIOLATED) :        -4.361ns  (required time - arrival time)
  Source:                 u_tpu/u_accumulator/state_reg_replica/C
                            (rising edge-triggered cell FDRE clocked by sys_clk_pin  {rise@0.000ns fall@5.000ns period=10.000ns})
  Destination:            u_tpu/u_unified_buffer/write_reg[7][3][2]/D
                            (rising edge-triggered cell FDRE clocked by sys_clk_pin  {rise@0.000ns fall@5.000ns period=10.000ns})
  Path Group:             sys_clk_pin
  Path Type:              Setup (Max at Slow Process Corner)
  Requirement:            10.000ns  (sys_clk_pin rise@10.000ns - sys_clk_pin rise@0.000ns)
  Data Path Delay:        14.182ns  (logic 5.204ns (36.694%)  route 8.978ns (63.306%))
  Logic Levels:           24  (CARRY4=12 LUT2=1 LUT3=1 LUT5=2 LUT6=7 MUXF7=1)
  Clock Path Skew:        -0.112ns (DCD - SCD + CPR)
    Destination Clock Delay (DCD):    4.918ns = ( 14.918 - 10.000 ) 
    Source Clock Delay      (SCD):    5.218ns
    Clock Pessimism Removal (CPR):    0.188ns
  Clock Uncertainty:      0.035ns  ((TSJ^2 + TIJ^2)^1/2 + DJ) / 2 + PE
    Total System Jitter     (TSJ):    0.071ns
    Total Input Jitter      (TIJ):    0.000ns
    Discrete Jitter          (DJ):    0.000ns
    Phase Error              (PE):    0.000ns

    Location             Delay type                Incr(ns)  Path(ns)    Netlist Resource(s)
  -------------------------------------------------------------------    -------------------
                         (clock sys_clk_pin rise edge)
                                                      0.000     0.000 r  
    E3                                                0.000     0.000 r  clk (IN)
                         net (fo=0)                   0.000     0.000    clk
    E3                   IBUF (Prop_ibuf_I_O)         1.482     1.482 r  clk_IBUF_inst/O
                         net (fo=1, routed)           2.025     3.506    clk_IBUF
    BUFGCTRL_X0Y16       BUFG (Prop_bufg_I_O)         0.096     3.602 r  clk_IBUF_BUFG_inst/O
                         net (fo=7808, routed)        1.616     5.218    u_tpu/u_accumulator/clk_IBUF_BUFG
    SLICE_X40Y134        FDRE                                         r  u_tpu/u_accumulator/state_reg_replica/C
  -------------------------------------------------------------------    -------------------
    SLICE_X40Y134        FDRE (Prop_fdre_C_Q)         0.456     5.674 r  u_tpu/u_accumulator/state_reg_replica/Q
                         net (fo=2, routed)           0.446     6.120    u_tpu/u_accumulator/state_reg_0_repN
    SLICE_X42Y134        LUT2 (Prop_lut2_I0_O)        0.124     6.244 r  u_tpu/u_accumulator/write[0][0][7]_i_10/O
                         net (fo=72, routed)          1.054     7.298    u_tpu/u_bias_add/write_reg[0][0][7]_i_99_0
    SLICE_X42Y132        LUT6 (Prop_lut6_I2_O)        0.124     7.422 r  u_tpu/u_bias_add/write[0][0][3]_i_72/O
                         net (fo=1, routed)           0.000     7.422    u_tpu/u_bias_add/write[0][0][3]_i_72_n_0
    SLICE_X42Y132        MUXF7 (Prop_muxf7_I0_O)      0.209     7.631 r  u_tpu/u_bias_add/write_reg[0][0][3]_i_54/O
                         net (fo=8, routed)           0.896     8.527    u_tpu/u_accumulator/bias_reg[1]
    SLICE_X49Y129        LUT5 (Prop_lut5_I4_O)        0.297     8.824 r  u_tpu/u_accumulator/write[7][0][3]_i_32/O
                         net (fo=1, routed)           0.000     8.824    u_tpu/u_accumulator/write[7][0][3]_i_32_n_0
    SLICE_X49Y129        CARRY4 (Prop_carry4_S[1]_CO[3])
                                                      0.550     9.374 r  u_tpu/u_accumulator/write_reg[7][0][3]_i_21/CO[3]
                         net (fo=1, routed)           0.000     9.374    u_tpu/u_accumulator/write_reg[7][0][3]_i_21_n_0
    SLICE_X49Y130        CARRY4 (Prop_carry4_CI_CO[3])
                                                      0.114     9.488 r  u_tpu/u_accumulator/write_reg[7][0][5]_i_20/CO[3]
                         net (fo=1, routed)           0.000     9.488    u_tpu/u_accumulator/write_reg[7][0][5]_i_20_n_0
    SLICE_X49Y131        CARRY4 (Prop_carry4_CI_CO[3])
                                                      0.114     9.602 r  u_tpu/u_accumulator/write_reg[7][0][6]_i_18/CO[3]
                         net (fo=1, routed)           0.000     9.602    u_tpu/u_accumulator/write_reg[7][0][6]_i_18_n_0
    SLICE_X49Y132        CARRY4 (Prop_carry4_CI_CO[3])
                                                      0.114     9.716 r  u_tpu/u_accumulator/write_reg[7][0][6]_i_20/CO[3]
                         net (fo=1, routed)           0.000     9.716    u_tpu/u_accumulator/write_reg[7][0][6]_i_20_n_0
    SLICE_X49Y133        CARRY4 (Prop_carry4_CI_CO[3])
                                                      0.114     9.830 r  u_tpu/u_accumulator/write_reg[7][0][3]_i_23/CO[3]
                         net (fo=1, routed)           0.000     9.830    u_tpu/u_accumulator/write_reg[7][0][3]_i_23_n_0
    SLICE_X49Y134        CARRY4 (Prop_carry4_CI_CO[3])
                                                      0.114     9.944 r  u_tpu/u_accumulator/write_reg[7][0][7]_i_73/CO[3]
                         net (fo=1, routed)           0.000     9.944    u_tpu/u_accumulator/write_reg[7][0][7]_i_73_n_0
    SLICE_X49Y135        CARRY4 (Prop_carry4_CI_CO[3])
                                                      0.114    10.058 r  u_tpu/u_accumulator/write_reg[7][0][7]_i_22/CO[3]
                         net (fo=1, routed)           0.000    10.058    u_tpu/u_accumulator/write_reg[7][0][7]_i_22_n_0
    SLICE_X49Y136        CARRY4 (Prop_carry4_CI_O[1])
                                                      0.334    10.392 r  u_tpu/u_accumulator/write_reg[7][0][7]_i_8/O[1]
                         net (fo=12, routed)          1.189    11.581    u_tpu/u_accumulator/O[1]
    SLICE_X60Y136        LUT6 (Prop_lut6_I3_O)        0.303    11.884 r  u_tpu/u_accumulator/write[7][0][7]_i_69/O
                         net (fo=4, routed)           0.629    12.513    u_tpu/u_accumulator/write[7][0][7]_i_69_n_0
    SLICE_X60Y137        LUT6 (Prop_lut6_I1_O)        0.124    12.637 r  u_tpu/u_accumulator/write[7][0][7]_i_92/O
                         net (fo=5, routed)           0.803    13.440    u_tpu/u_accumulator/write[7][0][7]_i_92_n_0
    SLICE_X63Y138        LUT3 (Prop_lut3_I0_O)        0.124    13.564 r  u_tpu/u_accumulator/write[7][0][7]_i_297/O
                         net (fo=11, routed)          0.541    14.105    u_tpu/u_accumulator/shift_amount_reg[0]_rep__6_6
    SLICE_X62Y138        LUT6 (Prop_lut6_I1_O)        0.124    14.229 r  u_tpu/u_accumulator/write[7][0][7]_i_304/O
                         net (fo=2, routed)           0.610    14.838    u_tpu/u_accumulator/write[7][0][7]_i_304_n_0
    SLICE_X64Y139        LUT5 (Prop_lut5_I2_O)        0.124    14.962 r  u_tpu/u_accumulator/write[7][0][7]_i_300/O
                         net (fo=4, routed)           0.675    15.637    u_tpu/u_accumulator/write[7][0][7]_i_300_n_0
    SLICE_X66Y140        LUT6 (Prop_lut6_I0_O)        0.124    15.761 r  u_tpu/u_accumulator/write[7][0][7]_i_219/O
                         net (fo=1, routed)           0.324    16.085    u_tpu/u_accumulator/write[7][0][7]_i_219_n_0
    SLICE_X64Y140        CARRY4 (Prop_carry4_DI[1]_CO[3])
                                                      0.507    16.592 r  u_tpu/u_accumulator/write_reg[7][0][7]_i_126/CO[3]
                         net (fo=1, routed)           0.000    16.592    u_uart_top/u_host_controller/write_reg[7][0][7]_i_14_0[0]
    SLICE_X64Y141        CARRY4 (Prop_carry4_CI_CO[3])
                                                      0.114    16.706 r  u_uart_top/u_host_controller/write_reg[7][0][7]_i_46/CO[3]
                         net (fo=1, routed)           0.000    16.706    u_uart_top/u_host_controller/write_reg[7][0][7]_i_46_n_0
    SLICE_X64Y142        CARRY4 (Prop_carry4_CI_CO[3])
                                                      0.114    16.820 r  u_uart_top/u_host_controller/write_reg[7][0][7]_i_14/CO[3]
                         net (fo=1, routed)           0.000    16.820    u_uart_top/u_host_controller/write_reg[7][0][7]_i_14_n_0
    SLICE_X64Y143        CARRY4 (Prop_carry4_CI_CO[0])
                                                      0.271    17.091 r  u_uart_top/u_host_controller/write_reg[7][0][7]_i_5/CO[0]
                         net (fo=8, routed)           0.643    17.734    u_tpu/u_accumulator/write_reg[7][7][6]_0[0]
    SLICE_X65Y145        LUT6 (Prop_lut6_I4_O)        0.373    18.107 r  u_tpu/u_accumulator/write[7][0][2]_i_2/O
                         net (fo=1, routed)           0.312    18.419    u_uart_top/u_host_controller/write_reg[7][7][2]_1
    SLICE_X66Y146        LUT6 (Prop_lut6_I0_O)        0.124    18.543 r  u_uart_top/u_host_controller/write[7][0][2]_i_1/O
                         net (fo=8, routed)           0.858    19.401    u_tpu/u_unified_buffer/write_reg[7][7][7]_0[2]
    SLICE_X66Y145        FDRE                                         r  u_tpu/u_unified_buffer/write_reg[7][3][2]/D
  -------------------------------------------------------------------    -------------------

                         (clock sys_clk_pin rise edge)
                                                     10.000    10.000 r  
    E3                                                0.000    10.000 r  clk (IN)
                         net (fo=0)                   0.000    10.000    clk
    E3                   IBUF (Prop_ibuf_I_O)         1.411    11.411 r  clk_IBUF_inst/O
                         net (fo=1, routed)           1.920    13.331    clk_IBUF
    BUFGCTRL_X0Y16       BUFG (Prop_bufg_I_O)         0.091    13.422 r  clk_IBUF_BUFG_inst/O
                         net (fo=7808, routed)        1.496    14.918    u_tpu/u_unified_buffer/clk_IBUF_BUFG
    SLICE_X66Y145        FDRE                                         r  u_tpu/u_unified_buffer/write_reg[7][3][2]/C
                         clock pessimism              0.188    15.106    
                         clock uncertainty           -0.035    15.071    
    SLICE_X66Y145        FDRE (Setup_fdre_C_D)       -0.031    15.040    u_tpu/u_unified_buffer/write_reg[7][3][2]
  -------------------------------------------------------------------
                         required time                         15.040    
                         arrival time                         -19.401    
  -------------------------------------------------------------------
                         slack                                 -4.361    

Slack (VIOLATED) :        -4.355ns  (required time - arrival time)
  Source:                 u_tpu/u_accumulator/state_reg_replica/C
                            (rising edge-triggered cell FDRE clocked by sys_clk_pin  {rise@0.000ns fall@5.000ns period=10.000ns})
  Destination:            u_tpu/u_unified_buffer/write_reg[6][2][7]/D
                            (rising edge-triggered cell FDRE clocked by sys_clk_pin  {rise@0.000ns fall@5.000ns period=10.000ns})
  Path Group:             sys_clk_pin
  Path Type:              Setup (Max at Slow Process Corner)
  Requirement:            10.000ns  (sys_clk_pin rise@10.000ns - sys_clk_pin rise@0.000ns)
  Data Path Delay:        14.304ns  (logic 5.182ns (36.228%)  route 9.122ns (63.772%))
  Logic Levels:           24  (CARRY4=12 LUT2=1 LUT3=1 LUT5=3 LUT6=6 MUXF7=1)
  Clock Path Skew:        0.065ns (DCD - SCD + CPR)
    Destination Clock Delay (DCD):    5.095ns = ( 15.095 - 10.000 ) 
    Source Clock Delay      (SCD):    5.218ns
    Clock Pessimism Removal (CPR):    0.188ns
  Clock Uncertainty:      0.035ns  ((TSJ^2 + TIJ^2)^1/2 + DJ) / 2 + PE
    Total System Jitter     (TSJ):    0.071ns
    Total Input Jitter      (TIJ):    0.000ns
    Discrete Jitter          (DJ):    0.000ns
    Phase Error              (PE):    0.000ns

    Location             Delay type                Incr(ns)  Path(ns)    Netlist Resource(s)
  -------------------------------------------------------------------    -------------------
                         (clock sys_clk_pin rise edge)
                                                      0.000     0.000 r  
    E3                                                0.000     0.000 r  clk (IN)
                         net (fo=0)                   0.000     0.000    clk
    E3                   IBUF (Prop_ibuf_I_O)         1.482     1.482 r  clk_IBUF_inst/O
                         net (fo=1, routed)           2.025     3.506    clk_IBUF
    BUFGCTRL_X0Y16       BUFG (Prop_bufg_I_O)         0.096     3.602 r  clk_IBUF_BUFG_inst/O
                         net (fo=7808, routed)        1.616     5.218    u_tpu/u_accumulator/clk_IBUF_BUFG
    SLICE_X40Y134        FDRE                                         r  u_tpu/u_accumulator/state_reg_replica/C
  -------------------------------------------------------------------    -------------------
    SLICE_X40Y134        FDRE (Prop_fdre_C_Q)         0.456     5.674 r  u_tpu/u_accumulator/state_reg_replica/Q
                         net (fo=2, routed)           0.446     6.120    u_tpu/u_accumulator/state_reg_0_repN
    SLICE_X42Y134        LUT2 (Prop_lut2_I0_O)        0.124     6.244 r  u_tpu/u_accumulator/write[0][0][7]_i_10/O
                         net (fo=72, routed)          1.054     7.298    u_tpu/u_bias_add/write_reg[0][0][7]_i_99_0
    SLICE_X42Y132        LUT6 (Prop_lut6_I2_O)        0.124     7.422 r  u_tpu/u_bias_add/write[0][0][3]_i_72/O
                         net (fo=1, routed)           0.000     7.422    u_tpu/u_bias_add/write[0][0][3]_i_72_n_0
    SLICE_X42Y132        MUXF7 (Prop_muxf7_I0_O)      0.209     7.631 r  u_tpu/u_bias_add/write_reg[0][0][3]_i_54/O
                         net (fo=8, routed)           0.988     8.619    u_tpu/u_accumulator/bias_reg[1]
    SLICE_X48Y131        LUT5 (Prop_lut5_I4_O)        0.297     8.916 r  u_tpu/u_accumulator/write[6][0][3]_i_32/O
                         net (fo=1, routed)           0.000     8.916    u_tpu/u_accumulator/write[6][0][3]_i_32_n_0
    SLICE_X48Y131        CARRY4 (Prop_carry4_S[1]_CO[3])
                                                      0.550     9.466 r  u_tpu/u_accumulator/write_reg[6][0][3]_i_21/CO[3]
                         net (fo=1, routed)           0.000     9.466    u_tpu/u_accumulator/write_reg[6][0][3]_i_21_n_0
    SLICE_X48Y132        CARRY4 (Prop_carry4_CI_CO[3])
                                                      0.114     9.580 r  u_tpu/u_accumulator/write_reg[6][0][5]_i_20/CO[3]
                         net (fo=1, routed)           0.000     9.580    u_tpu/u_accumulator/write_reg[6][0][5]_i_20_n_0
    SLICE_X48Y133        CARRY4 (Prop_carry4_CI_CO[3])
                                                      0.114     9.694 r  u_tpu/u_accumulator/write_reg[6][0][6]_i_18/CO[3]
                         net (fo=1, routed)           0.000     9.694    u_tpu/u_accumulator/write_reg[6][0][6]_i_18_n_0
    SLICE_X48Y134        CARRY4 (Prop_carry4_CI_CO[3])
                                                      0.114     9.808 r  u_tpu/u_accumulator/write_reg[6][0][6]_i_20/CO[3]
                         net (fo=1, routed)           0.000     9.808    u_tpu/u_accumulator/write_reg[6][0][6]_i_20_n_0
    SLICE_X48Y135        CARRY4 (Prop_carry4_CI_CO[3])
                                                      0.114     9.922 r  u_tpu/u_accumulator/write_reg[6][0][3]_i_23/CO[3]
                         net (fo=1, routed)           0.000     9.922    u_tpu/u_accumulator/write_reg[6][0][3]_i_23_n_0
    SLICE_X48Y136        CARRY4 (Prop_carry4_CI_CO[3])
                                                      0.114    10.036 r  u_tpu/u_accumulator/write_reg[6][0][7]_i_73/CO[3]
                         net (fo=1, routed)           0.000    10.036    u_tpu/u_accumulator/write_reg[6][0][7]_i_73_n_0
    SLICE_X48Y137        CARRY4 (Prop_carry4_CI_CO[3])
                                                      0.114    10.150 r  u_tpu/u_accumulator/write_reg[6][0][7]_i_22/CO[3]
                         net (fo=1, routed)           0.000    10.150    u_tpu/u_accumulator/write_reg[6][0][7]_i_22_n_0
    SLICE_X48Y138        CARRY4 (Prop_carry4_CI_O[3])
                                                      0.313    10.463 r  u_tpu/u_accumulator/write_reg[6][0][7]_i_8/O[3]
                         net (fo=165, routed)         0.844    11.307    u_tpu/u_accumulator/state_reg_rep_1[3]
    SLICE_X49Y141        LUT6 (Prop_lut6_I0_O)        0.306    11.613 r  u_tpu/u_accumulator/write[6][0][7]_i_69/O
                         net (fo=4, routed)           0.853    12.467    u_tpu/u_accumulator/write[6][0][7]_i_69_n_0
    SLICE_X50Y143        LUT6 (Prop_lut6_I1_O)        0.124    12.591 r  u_tpu/u_accumulator/write[6][0][7]_i_92/O
                         net (fo=5, routed)           0.599    13.190    u_tpu/u_accumulator/write[6][0][7]_i_92_n_0
    SLICE_X50Y144        LUT3 (Prop_lut3_I0_O)        0.124    13.314 r  u_tpu/u_accumulator/write[6][0][7]_i_297/O
                         net (fo=11, routed)          0.681    13.995    u_tpu/u_accumulator/shift_amount_reg[0]_rep__5_7
    SLICE_X51Y145        LUT6 (Prop_lut6_I1_O)        0.124    14.119 r  u_tpu/u_accumulator/write[6][0][7]_i_304/O
                         net (fo=2, routed)           0.584    14.703    u_tpu/u_accumulator/write[6][0][7]_i_304_n_0
    SLICE_X51Y146        LUT5 (Prop_lut5_I2_O)        0.124    14.827 r  u_tpu/u_accumulator/write[6][0][7]_i_300/O
                         net (fo=4, routed)           0.414    15.241    u_tpu/u_accumulator/write[6][0][7]_i_300_n_0
    SLICE_X51Y147        LUT6 (Prop_lut6_I0_O)        0.124    15.365 r  u_tpu/u_accumulator/write[6][0][7]_i_219/O
                         net (fo=1, routed)           0.609    15.974    u_tpu/u_accumulator/write[6][0][7]_i_219_n_0
    SLICE_X50Y149        CARRY4 (Prop_carry4_DI[1]_CO[3])
                                                      0.520    16.494 r  u_tpu/u_accumulator/write_reg[6][0][7]_i_126/CO[3]
                         net (fo=1, routed)           0.001    16.495    u_uart_top/u_host_controller/write_reg[6][0][7]_i_14_0[0]
    SLICE_X50Y150        CARRY4 (Prop_carry4_CI_CO[3])
                                                      0.117    16.612 r  u_uart_top/u_host_controller/write_reg[6][0][7]_i_46/CO[3]
                         net (fo=1, routed)           0.000    16.612    u_uart_top/u_host_controller/write_reg[6][0][7]_i_46_n_0
    SLICE_X50Y151        CARRY4 (Prop_carry4_CI_CO[3])
                                                      0.117    16.729 r  u_uart_top/u_host_controller/write_reg[6][0][7]_i_14/CO[3]
                         net (fo=1, routed)           0.000    16.729    u_uart_top/u_host_controller/write_reg[6][0][7]_i_14_n_0
    SLICE_X50Y152        CARRY4 (Prop_carry4_CI_CO[0])
                                                      0.254    16.983 f  u_uart_top/u_host_controller/write_reg[6][0][7]_i_5/CO[0]
                         net (fo=8, routed)           0.674    17.656    u_uart_top/u_host_controller/write[6][0][7]_i_16_0[0]
    SLICE_X48Y153        LUT6 (Prop_lut6_I0_O)        0.367    18.023 r  u_uart_top/u_host_controller/write[6][0][7]_i_2/O
                         net (fo=1, routed)           0.599    18.622    u_uart_top/u_host_controller/write[6][0][7]_i_2_n_0
    SLICE_X46Y153        LUT5 (Prop_lut5_I0_O)        0.124    18.746 r  u_uart_top/u_host_controller/write[6][0][7]_i_1/O
                         net (fo=8, routed)           0.776    19.522    u_tpu/u_unified_buffer/write_reg[6][7][7]_0[7]
    SLICE_X45Y153        FDRE                                         r  u_tpu/u_unified_buffer/write_reg[6][2][7]/D
  -------------------------------------------------------------------    -------------------

                         (clock sys_clk_pin rise edge)
                                                     10.000    10.000 r  
    E3                                                0.000    10.000 r  clk (IN)
                         net (fo=0)                   0.000    10.000    clk
    E3                   IBUF (Prop_ibuf_I_O)         1.411    11.411 r  clk_IBUF_inst/O
                         net (fo=1, routed)           1.920    13.331    clk_IBUF
    BUFGCTRL_X0Y16       BUFG (Prop_bufg_I_O)         0.091    13.422 r  clk_IBUF_BUFG_inst/O
                         net (fo=7808, routed)        1.673    15.095    u_tpu/u_unified_buffer/clk_IBUF_BUFG
    SLICE_X45Y153        FDRE                                         r  u_tpu/u_unified_buffer/write_reg[6][2][7]/C
                         clock pessimism              0.188    15.283    
                         clock uncertainty           -0.035    15.248    
    SLICE_X45Y153        FDRE (Setup_fdre_C_D)       -0.081    15.167    u_tpu/u_unified_buffer/write_reg[6][2][7]
  -------------------------------------------------------------------
                         required time                         15.167    
                         arrival time                         -19.522    
  -------------------------------------------------------------------
                         slack                                 -4.355    

Slack (VIOLATED) :        -4.320ns  (required time - arrival time)
  Source:                 u_tpu/u_accumulator/state_reg_replica/C
                            (rising edge-triggered cell FDRE clocked by sys_clk_pin  {rise@0.000ns fall@5.000ns period=10.000ns})
  Destination:            u_tpu/u_unified_buffer/write_reg[3][3][1]/D
                            (rising edge-triggered cell FDRE clocked by sys_clk_pin  {rise@0.000ns fall@5.000ns period=10.000ns})
  Path Group:             sys_clk_pin
  Path Type:              Setup (Max at Slow Process Corner)
  Requirement:            10.000ns  (sys_clk_pin rise@10.000ns - sys_clk_pin rise@0.000ns)
  Data Path Delay:        14.274ns  (logic 5.186ns (36.333%)  route 9.088ns (63.667%))
  Logic Levels:           24  (CARRY4=12 LUT2=1 LUT3=1 LUT5=4 LUT6=5 MUXF7=1)
  Clock Path Skew:        0.070ns (DCD - SCD + CPR)
    Destination Clock Delay (DCD):    5.100ns = ( 15.100 - 10.000 ) 
    Source Clock Delay      (SCD):    5.218ns
    Clock Pessimism Removal (CPR):    0.188ns
  Clock Uncertainty:      0.035ns  ((TSJ^2 + TIJ^2)^1/2 + DJ) / 2 + PE
    Total System Jitter     (TSJ):    0.071ns
    Total Input Jitter      (TIJ):    0.000ns
    Discrete Jitter          (DJ):    0.000ns
    Phase Error              (PE):    0.000ns

    Location             Delay type                Incr(ns)  Path(ns)    Netlist Resource(s)
  -------------------------------------------------------------------    -------------------
                         (clock sys_clk_pin rise edge)
                                                      0.000     0.000 r  
    E3                                                0.000     0.000 r  clk (IN)
                         net (fo=0)                   0.000     0.000    clk
    E3                   IBUF (Prop_ibuf_I_O)         1.482     1.482 r  clk_IBUF_inst/O
                         net (fo=1, routed)           2.025     3.506    clk_IBUF
    BUFGCTRL_X0Y16       BUFG (Prop_bufg_I_O)         0.096     3.602 r  clk_IBUF_BUFG_inst/O
                         net (fo=7808, routed)        1.616     5.218    u_tpu/u_accumulator/clk_IBUF_BUFG
    SLICE_X40Y134        FDRE                                         r  u_tpu/u_accumulator/state_reg_replica/C
  -------------------------------------------------------------------    -------------------
    SLICE_X40Y134        FDRE (Prop_fdre_C_Q)         0.456     5.674 r  u_tpu/u_accumulator/state_reg_replica/Q
                         net (fo=2, routed)           0.446     6.120    u_tpu/u_accumulator/state_reg_0_repN
    SLICE_X42Y134        LUT2 (Prop_lut2_I0_O)        0.124     6.244 r  u_tpu/u_accumulator/write[0][0][7]_i_10/O
                         net (fo=72, routed)          1.054     7.298    u_tpu/u_bias_add/write_reg[0][0][7]_i_99_0
    SLICE_X42Y132        LUT6 (Prop_lut6_I2_O)        0.124     7.422 r  u_tpu/u_bias_add/write[0][0][3]_i_72/O
                         net (fo=1, routed)           0.000     7.422    u_tpu/u_bias_add/write[0][0][3]_i_72_n_0
    SLICE_X42Y132        MUXF7 (Prop_muxf7_I0_O)      0.209     7.631 r  u_tpu/u_bias_add/write_reg[0][0][3]_i_54/O
                         net (fo=8, routed)           0.915     8.546    u_tpu/u_accumulator/bias_reg[1]
    SLICE_X41Y131        LUT5 (Prop_lut5_I4_O)        0.297     8.843 r  u_tpu/u_accumulator/write[3][0][3]_i_32/O
                         net (fo=1, routed)           0.000     8.843    u_tpu/u_accumulator/write[3][0][3]_i_32_n_0
    SLICE_X41Y131        CARRY4 (Prop_carry4_S[1]_CO[3])
                                                      0.550     9.393 r  u_tpu/u_accumulator/write_reg[3][0][3]_i_21/CO[3]
                         net (fo=1, routed)           0.000     9.393    u_tpu/u_accumulator/write_reg[3][0][3]_i_21_n_0
    SLICE_X41Y132        CARRY4 (Prop_carry4_CI_CO[3])
                                                      0.114     9.507 r  u_tpu/u_accumulator/write_reg[3][0][5]_i_20/CO[3]
                         net (fo=1, routed)           0.000     9.507    u_tpu/u_accumulator/write_reg[3][0][5]_i_20_n_0
    SLICE_X41Y133        CARRY4 (Prop_carry4_CI_CO[3])
                                                      0.114     9.621 r  u_tpu/u_accumulator/write_reg[3][0][6]_i_18/CO[3]
                         net (fo=1, routed)           0.000     9.621    u_tpu/u_accumulator/write_reg[3][0][6]_i_18_n_0
    SLICE_X41Y134        CARRY4 (Prop_carry4_CI_CO[3])
                                                      0.114     9.735 r  u_tpu/u_accumulator/write_reg[3][0][6]_i_20/CO[3]
                         net (fo=1, routed)           0.000     9.735    u_tpu/u_accumulator/write_reg[3][0][6]_i_20_n_0
    SLICE_X41Y135        CARRY4 (Prop_carry4_CI_CO[3])
                                                      0.114     9.849 r  u_tpu/u_accumulator/write_reg[3][0][3]_i_23/CO[3]
                         net (fo=1, routed)           0.000     9.849    u_tpu/u_accumulator/write_reg[3][0][3]_i_23_n_0
    SLICE_X41Y136        CARRY4 (Prop_carry4_CI_CO[3])
                                                      0.114     9.963 r  u_tpu/u_accumulator/write_reg[3][0][7]_i_73/CO[3]
                         net (fo=1, routed)           0.000     9.963    u_tpu/u_accumulator/write_reg[3][0][7]_i_73_n_0
    SLICE_X41Y137        CARRY4 (Prop_carry4_CI_CO[3])
                                                      0.114    10.077 r  u_tpu/u_accumulator/write_reg[3][0][7]_i_22/CO[3]
                         net (fo=1, routed)           0.000    10.077    u_tpu/u_accumulator/write_reg[3][0][7]_i_22_n_0
    SLICE_X41Y138        CARRY4 (Prop_carry4_CI_O[3])
                                                      0.313    10.390 f  u_tpu/u_accumulator/write_reg[3][0][7]_i_8/O[3]
                         net (fo=165, routed)         0.851    11.241    u_tpu/u_accumulator/state_reg_rep_7[3]
    SLICE_X41Y142        LUT5 (Prop_lut5_I2_O)        0.306    11.547 f  u_tpu/u_accumulator/write[3][0][7]_i_178/O
                         net (fo=4, routed)           1.006    12.553    u_tpu/u_accumulator/shift_amount_reg[3]_rep_20
    SLICE_X40Y146        LUT6 (Prop_lut6_I0_O)        0.124    12.677 f  u_tpu/u_accumulator/write[3][0][7]_i_92/O
                         net (fo=5, routed)           0.630    13.307    u_tpu/u_accumulator/write[3][0][7]_i_92_n_0
    SLICE_X39Y149        LUT3 (Prop_lut3_I0_O)        0.124    13.431 f  u_tpu/u_accumulator/write[3][0][7]_i_297/O
                         net (fo=11, routed)          0.785    14.216    u_tpu/u_accumulator/shift_amount_reg[0]_rep__2_7
    SLICE_X39Y150        LUT6 (Prop_lut6_I1_O)        0.124    14.340 f  u_tpu/u_accumulator/write[3][0][7]_i_304/O
                         net (fo=2, routed)           0.599    14.939    u_tpu/u_accumulator/write[3][0][7]_i_304_n_0
    SLICE_X40Y151        LUT5 (Prop_lut5_I2_O)        0.124    15.063 f  u_tpu/u_accumulator/write[3][0][7]_i_300/O
                         net (fo=4, routed)           0.302    15.365    u_tpu/u_accumulator/write[3][0][7]_i_300_n_0
    SLICE_X40Y151        LUT6 (Prop_lut6_I0_O)        0.124    15.489 r  u_tpu/u_accumulator/write[3][0][7]_i_253/O
                         net (fo=1, routed)           0.672    16.160    u_tpu/u_accumulator/write[3][0][7]_i_253_n_0
    SLICE_X39Y151        CARRY4 (Prop_carry4_DI[1]_CO[3])
                                                      0.507    16.667 r  u_tpu/u_accumulator/write_reg[3][0][7]_i_152/CO[3]
                         net (fo=1, routed)           0.000    16.667    u_uart_top/u_host_controller/write_reg[3][0][7]_i_17_0[0]
    SLICE_X39Y152        CARRY4 (Prop_carry4_CI_CO[3])
                                                      0.114    16.781 r  u_uart_top/u_host_controller/write_reg[3][0][7]_i_56/CO[3]
                         net (fo=1, routed)           0.000    16.781    u_uart_top/u_host_controller/write_reg[3][0][7]_i_56_n_0
    SLICE_X39Y153        CARRY4 (Prop_carry4_CI_CO[3])
                                                      0.114    16.895 r  u_uart_top/u_host_controller/write_reg[3][0][7]_i_17/CO[3]
                         net (fo=1, routed)           0.000    16.895    u_uart_top/u_host_controller/write_reg[3][0][7]_i_17_n_0
    SLICE_X39Y154        CARRY4 (Prop_carry4_CI_CO[0])
                                                      0.271    17.166 f  u_uart_top/u_host_controller/write_reg[3][0][7]_i_6/CO[0]
                         net (fo=8, routed)           0.806    17.972    u_tpu/u_accumulator/write_reg[3][7][6][0]
    SLICE_X34Y156        LUT6 (Prop_lut6_I3_O)        0.373    18.345 r  u_tpu/u_accumulator/write[3][0][1]_i_2/O
                         net (fo=1, routed)           0.161    18.506    u_uart_top/u_host_controller/write_reg[3][7][1]
    SLICE_X34Y156        LUT5 (Prop_lut5_I0_O)        0.124    18.630 r  u_uart_top/u_host_controller/write[3][0][1]_i_1/O
                         net (fo=8, routed)           0.862    19.492    u_tpu/u_unified_buffer/write_reg[3][7][7]_0[1]
    SLICE_X32Y157        FDRE                                         r  u_tpu/u_unified_buffer/write_reg[3][3][1]/D
  -------------------------------------------------------------------    -------------------

                         (clock sys_clk_pin rise edge)
                                                     10.000    10.000 r  
    E3                                                0.000    10.000 r  clk (IN)
                         net (fo=0)                   0.000    10.000    clk
    E3                   IBUF (Prop_ibuf_I_O)         1.411    11.411 r  clk_IBUF_inst/O
                         net (fo=1, routed)           1.920    13.331    clk_IBUF
    BUFGCTRL_X0Y16       BUFG (Prop_bufg_I_O)         0.091    13.422 r  clk_IBUF_BUFG_inst/O
                         net (fo=7808, routed)        1.678    15.100    u_tpu/u_unified_buffer/clk_IBUF_BUFG
    SLICE_X32Y157        FDRE                                         r  u_tpu/u_unified_buffer/write_reg[3][3][1]/C
                         clock pessimism              0.188    15.288    
                         clock uncertainty           -0.035    15.253    
    SLICE_X32Y157        FDRE (Setup_fdre_C_D)       -0.081    15.172    u_tpu/u_unified_buffer/write_reg[3][3][1]
  -------------------------------------------------------------------
                         required time                         15.172    
                         arrival time                         -19.492    
  -------------------------------------------------------------------
                         slack                                 -4.320    

Slack (VIOLATED) :        -4.318ns  (required time - arrival time)
  Source:                 u_tpu/u_accumulator/state_reg_replica/C
                            (rising edge-triggered cell FDRE clocked by sys_clk_pin  {rise@0.000ns fall@5.000ns period=10.000ns})
  Destination:            u_tpu/u_unified_buffer/write_reg[2][4][6]/D
                            (rising edge-triggered cell FDRE clocked by sys_clk_pin  {rise@0.000ns fall@5.000ns period=10.000ns})
  Path Group:             sys_clk_pin
  Path Type:              Setup (Max at Slow Process Corner)
  Requirement:            10.000ns  (sys_clk_pin rise@10.000ns - sys_clk_pin rise@0.000ns)
  Data Path Delay:        14.305ns  (logic 5.190ns (36.280%)  route 9.115ns (63.720%))
  Logic Levels:           24  (CARRY4=12 LUT2=1 LUT3=1 LUT5=4 LUT6=5 MUXF7=1)
  Clock Path Skew:        0.069ns (DCD - SCD + CPR)
    Destination Clock Delay (DCD):    5.099ns = ( 15.099 - 10.000 ) 
    Source Clock Delay      (SCD):    5.218ns
    Clock Pessimism Removal (CPR):    0.188ns
  Clock Uncertainty:      0.035ns  ((TSJ^2 + TIJ^2)^1/2 + DJ) / 2 + PE
    Total System Jitter     (TSJ):    0.071ns
    Total Input Jitter      (TIJ):    0.000ns
    Discrete Jitter          (DJ):    0.000ns
    Phase Error              (PE):    0.000ns

    Location             Delay type                Incr(ns)  Path(ns)    Netlist Resource(s)
  -------------------------------------------------------------------    -------------------
                         (clock sys_clk_pin rise edge)
                                                      0.000     0.000 r  
    E3                                                0.000     0.000 r  clk (IN)
                         net (fo=0)                   0.000     0.000    clk
    E3                   IBUF (Prop_ibuf_I_O)         1.482     1.482 r  clk_IBUF_inst/O
                         net (fo=1, routed)           2.025     3.506    clk_IBUF
    BUFGCTRL_X0Y16       BUFG (Prop_bufg_I_O)         0.096     3.602 r  clk_IBUF_BUFG_inst/O
                         net (fo=7808, routed)        1.616     5.218    u_tpu/u_accumulator/clk_IBUF_BUFG
    SLICE_X40Y134        FDRE                                         r  u_tpu/u_accumulator/state_reg_replica/C
  -------------------------------------------------------------------    -------------------
    SLICE_X40Y134        FDRE (Prop_fdre_C_Q)         0.456     5.674 r  u_tpu/u_accumulator/state_reg_replica/Q
                         net (fo=2, routed)           0.446     6.120    u_tpu/u_accumulator/state_reg_0_repN
    SLICE_X42Y134        LUT2 (Prop_lut2_I0_O)        0.124     6.244 r  u_tpu/u_accumulator/write[0][0][7]_i_10/O
                         net (fo=72, routed)          1.054     7.298    u_tpu/u_bias_add/write_reg[0][0][7]_i_99_0
    SLICE_X42Y132        LUT6 (Prop_lut6_I2_O)        0.124     7.422 r  u_tpu/u_bias_add/write[0][0][3]_i_72/O
                         net (fo=1, routed)           0.000     7.422    u_tpu/u_bias_add/write[0][0][3]_i_72_n_0
    SLICE_X42Y132        MUXF7 (Prop_muxf7_I0_O)      0.209     7.631 r  u_tpu/u_bias_add/write_reg[0][0][3]_i_54/O
                         net (fo=8, routed)           1.067     8.698    u_tpu/u_accumulator/bias_reg[1]
    SLICE_X38Y130        LUT5 (Prop_lut5_I4_O)        0.297     8.995 r  u_tpu/u_accumulator/write[2][0][3]_i_32/O
                         net (fo=1, routed)           0.000     8.995    u_tpu/u_accumulator/write[2][0][3]_i_32_n_0
    SLICE_X38Y130        CARRY4 (Prop_carry4_S[1]_CO[3])
                                                      0.533     9.528 r  u_tpu/u_accumulator/write_reg[2][0][3]_i_21/CO[3]
                         net (fo=1, routed)           0.000     9.528    u_tpu/u_accumulator/write_reg[2][0][3]_i_21_n_0
    SLICE_X38Y131        CARRY4 (Prop_carry4_CI_CO[3])
                                                      0.117     9.645 r  u_tpu/u_accumulator/write_reg[2][0][5]_i_20/CO[3]
                         net (fo=1, routed)           0.000     9.645    u_tpu/u_accumulator/write_reg[2][0][5]_i_20_n_0
    SLICE_X38Y132        CARRY4 (Prop_carry4_CI_CO[3])
                                                      0.117     9.762 r  u_tpu/u_accumulator/write_reg[2][0][6]_i_18/CO[3]
                         net (fo=1, routed)           0.000     9.762    u_tpu/u_accumulator/write_reg[2][0][6]_i_18_n_0
    SLICE_X38Y133        CARRY4 (Prop_carry4_CI_CO[3])
                                                      0.117     9.879 r  u_tpu/u_accumulator/write_reg[2][0][6]_i_20/CO[3]
                         net (fo=1, routed)           0.000     9.879    u_tpu/u_accumulator/write_reg[2][0][6]_i_20_n_0
    SLICE_X38Y134        CARRY4 (Prop_carry4_CI_CO[3])
                                                      0.117     9.996 r  u_tpu/u_accumulator/write_reg[2][0][3]_i_23/CO[3]
                         net (fo=1, routed)           0.000     9.996    u_tpu/u_accumulator/write_reg[2][0][3]_i_23_n_0
    SLICE_X38Y135        CARRY4 (Prop_carry4_CI_CO[3])
                                                      0.117    10.113 r  u_tpu/u_accumulator/write_reg[2][0][7]_i_73/CO[3]
                         net (fo=1, routed)           0.000    10.113    u_tpu/u_accumulator/write_reg[2][0][7]_i_73_n_0
    SLICE_X38Y136        CARRY4 (Prop_carry4_CI_CO[3])
                                                      0.117    10.230 r  u_tpu/u_accumulator/write_reg[2][0][7]_i_22/CO[3]
                         net (fo=1, routed)           0.000    10.230    u_tpu/u_accumulator/write_reg[2][0][7]_i_22_n_0
    SLICE_X38Y137        CARRY4 (Prop_carry4_CI_O[3])
                                                      0.315    10.545 f  u_tpu/u_accumulator/write_reg[2][0][7]_i_8/O[3]
                         net (fo=165, routed)         0.867    11.412    u_tpu/u_accumulator/state_reg_rep_9[3]
    SLICE_X43Y141        LUT5 (Prop_lut5_I2_O)        0.307    11.719 f  u_tpu/u_accumulator/write[2][0][7]_i_182/O
                         net (fo=4, routed)           0.937    12.657    u_tpu/u_accumulator/write[2][0][7]_i_182_n_0
    SLICE_X43Y142        LUT6 (Prop_lut6_I0_O)        0.124    12.781 f  u_tpu/u_accumulator/write[2][0][7]_i_93/O
                         net (fo=6, routed)           0.767    13.547    u_tpu/u_accumulator/write[2][0][7]_i_93_n_0
    SLICE_X43Y144        LUT3 (Prop_lut3_I0_O)        0.124    13.671 f  u_tpu/u_accumulator/write[2][0][7]_i_301/O
                         net (fo=10, routed)          0.450    14.121    u_tpu/u_accumulator/u_leaky_relu/shifted[2]_14[9]
    SLICE_X43Y144        LUT6 (Prop_lut6_I5_O)        0.124    14.245 f  u_tpu/u_accumulator/write[2][0][7]_i_302/O
                         net (fo=5, routed)           0.668    14.913    u_tpu/u_accumulator/write[2][0][7]_i_302_n_0
    SLICE_X43Y145        LUT5 (Prop_lut5_I0_O)        0.124    15.037 f  u_tpu/u_accumulator/write[2][0][7]_i_300/O
                         net (fo=4, routed)           0.466    15.503    u_tpu/u_accumulator/write[2][0][7]_i_300_n_0
    SLICE_X41Y146        LUT6 (Prop_lut6_I0_O)        0.124    15.627 r  u_tpu/u_accumulator/write[2][0][7]_i_253/O
                         net (fo=1, routed)           0.473    16.100    u_tpu/u_accumulator/write[2][0][7]_i_253_n_0
    SLICE_X41Y147        CARRY4 (Prop_carry4_DI[1]_CO[3])
                                                      0.507    16.607 r  u_tpu/u_accumulator/write_reg[2][0][7]_i_152/CO[3]
                         net (fo=1, routed)           0.000    16.607    u_uart_top/u_host_controller/write_reg[2][0][7]_i_17_0[0]
    SLICE_X41Y148        CARRY4 (Prop_carry4_CI_CO[3])
                                                      0.114    16.721 r  u_uart_top/u_host_controller/write_reg[2][0][7]_i_56/CO[3]
                         net (fo=1, routed)           0.000    16.721    u_uart_top/u_host_controller/write_reg[2][0][7]_i_56_n_0
    SLICE_X41Y149        CARRY4 (Prop_carry4_CI_CO[3])
                                                      0.114    16.835 r  u_uart_top/u_host_controller/write_reg[2][0][7]_i_17/CO[3]
                         net (fo=1, routed)           0.001    16.836    u_uart_top/u_host_controller/write_reg[2][0][7]_i_17_n_0
    SLICE_X41Y150        CARRY4 (Prop_carry4_CI_CO[0])
                                                      0.271    17.107 f  u_uart_top/u_host_controller/write_reg[2][0][7]_i_6/CO[0]
                         net (fo=8, routed)           0.681    17.788    u_tpu/u_accumulator/write_reg[2][7][6][0]
    SLICE_X45Y151        LUT6 (Prop_lut6_I3_O)        0.373    18.161 r  u_tpu/u_accumulator/write[2][0][6]_i_2/O
                         net (fo=1, routed)           0.570    18.731    u_uart_top/u_host_controller/write_reg[2][7][6]
    SLICE_X45Y151        LUT5 (Prop_lut5_I0_O)        0.124    18.855 r  u_uart_top/u_host_controller/write[2][0][6]_i_1/O
                         net (fo=8, routed)           0.669    19.524    u_tpu/u_unified_buffer/write_reg[2][7][7]_0[6]
    SLICE_X41Y152        FDRE                                         r  u_tpu/u_unified_buffer/write_reg[2][4][6]/D
  -------------------------------------------------------------------    -------------------

                         (clock sys_clk_pin rise edge)
                                                     10.000    10.000 r  
    E3                                                0.000    10.000 r  clk (IN)
                         net (fo=0)                   0.000    10.000    clk
    E3                   IBUF (Prop_ibuf_I_O)         1.411    11.411 r  clk_IBUF_inst/O
                         net (fo=1, routed)           1.920    13.331    clk_IBUF
    BUFGCTRL_X0Y16       BUFG (Prop_bufg_I_O)         0.091    13.422 r  clk_IBUF_BUFG_inst/O
                         net (fo=7808, routed)        1.677    15.099    u_tpu/u_unified_buffer/clk_IBUF_BUFG
    SLICE_X41Y152        FDRE                                         r  u_tpu/u_unified_buffer/write_reg[2][4][6]/C
                         clock pessimism              0.188    15.287    
                         clock uncertainty           -0.035    15.252    
    SLICE_X41Y152        FDRE (Setup_fdre_C_D)       -0.047    15.205    u_tpu/u_unified_buffer/write_reg[2][4][6]
  -------------------------------------------------------------------
                         required time                         15.205    
                         arrival time                         -19.524    
  -------------------------------------------------------------------
                         slack                                 -4.318    

Slack (VIOLATED) :        -4.305ns  (required time - arrival time)
  Source:                 u_tpu/u_accumulator/state_reg_replica/C
                            (rising edge-triggered cell FDRE clocked by sys_clk_pin  {rise@0.000ns fall@5.000ns period=10.000ns})
  Destination:            u_tpu/u_unified_buffer/write_reg[6][0][4]/D
                            (rising edge-triggered cell FDRE clocked by sys_clk_pin  {rise@0.000ns fall@5.000ns period=10.000ns})
  Path Group:             sys_clk_pin
  Path Type:              Setup (Max at Slow Process Corner)
  Requirement:            10.000ns  (sys_clk_pin rise@10.000ns - sys_clk_pin rise@0.000ns)
  Data Path Delay:        14.288ns  (logic 5.186ns (36.296%)  route 9.102ns (63.704%))
  Logic Levels:           24  (CARRY4=12 LUT2=1 LUT3=1 LUT5=3 LUT6=6 MUXF7=1)
  Clock Path Skew:        0.063ns (DCD - SCD + CPR)
    Destination Clock Delay (DCD):    5.093ns = ( 15.093 - 10.000 ) 
    Source Clock Delay      (SCD):    5.218ns
    Clock Pessimism Removal (CPR):    0.188ns
  Clock Uncertainty:      0.035ns  ((TSJ^2 + TIJ^2)^1/2 + DJ) / 2 + PE
    Total System Jitter     (TSJ):    0.071ns
    Total Input Jitter      (TIJ):    0.000ns
    Discrete Jitter          (DJ):    0.000ns
    Phase Error              (PE):    0.000ns

    Location             Delay type                Incr(ns)  Path(ns)    Netlist Resource(s)
  -------------------------------------------------------------------    -------------------
                         (clock sys_clk_pin rise edge)
                                                      0.000     0.000 r  
    E3                                                0.000     0.000 r  clk (IN)
                         net (fo=0)                   0.000     0.000    clk
    E3                   IBUF (Prop_ibuf_I_O)         1.482     1.482 r  clk_IBUF_inst/O
                         net (fo=1, routed)           2.025     3.506    clk_IBUF
    BUFGCTRL_X0Y16       BUFG (Prop_bufg_I_O)         0.096     3.602 r  clk_IBUF_BUFG_inst/O
                         net (fo=7808, routed)        1.616     5.218    u_tpu/u_accumulator/clk_IBUF_BUFG
    SLICE_X40Y134        FDRE                                         r  u_tpu/u_accumulator/state_reg_replica/C
  -------------------------------------------------------------------    -------------------
    SLICE_X40Y134        FDRE (Prop_fdre_C_Q)         0.456     5.674 r  u_tpu/u_accumulator/state_reg_replica/Q
                         net (fo=2, routed)           0.446     6.120    u_tpu/u_accumulator/state_reg_0_repN
    SLICE_X42Y134        LUT2 (Prop_lut2_I0_O)        0.124     6.244 r  u_tpu/u_accumulator/write[0][0][7]_i_10/O
                         net (fo=72, routed)          1.054     7.298    u_tpu/u_bias_add/write_reg[0][0][7]_i_99_0
    SLICE_X42Y132        LUT6 (Prop_lut6_I2_O)        0.124     7.422 r  u_tpu/u_bias_add/write[0][0][3]_i_72/O
                         net (fo=1, routed)           0.000     7.422    u_tpu/u_bias_add/write[0][0][3]_i_72_n_0
    SLICE_X42Y132        MUXF7 (Prop_muxf7_I0_O)      0.209     7.631 r  u_tpu/u_bias_add/write_reg[0][0][3]_i_54/O
                         net (fo=8, routed)           0.988     8.619    u_tpu/u_accumulator/bias_reg[1]
    SLICE_X48Y131        LUT5 (Prop_lut5_I4_O)        0.297     8.916 r  u_tpu/u_accumulator/write[6][0][3]_i_32/O
                         net (fo=1, routed)           0.000     8.916    u_tpu/u_accumulator/write[6][0][3]_i_32_n_0
    SLICE_X48Y131        CARRY4 (Prop_carry4_S[1]_CO[3])
                                                      0.550     9.466 r  u_tpu/u_accumulator/write_reg[6][0][3]_i_21/CO[3]
                         net (fo=1, routed)           0.000     9.466    u_tpu/u_accumulator/write_reg[6][0][3]_i_21_n_0
    SLICE_X48Y132        CARRY4 (Prop_carry4_CI_CO[3])
                                                      0.114     9.580 r  u_tpu/u_accumulator/write_reg[6][0][5]_i_20/CO[3]
                         net (fo=1, routed)           0.000     9.580    u_tpu/u_accumulator/write_reg[6][0][5]_i_20_n_0
    SLICE_X48Y133        CARRY4 (Prop_carry4_CI_CO[3])
                                                      0.114     9.694 r  u_tpu/u_accumulator/write_reg[6][0][6]_i_18/CO[3]
                         net (fo=1, routed)           0.000     9.694    u_tpu/u_accumulator/write_reg[6][0][6]_i_18_n_0
    SLICE_X48Y134        CARRY4 (Prop_carry4_CI_CO[3])
                                                      0.114     9.808 r  u_tpu/u_accumulator/write_reg[6][0][6]_i_20/CO[3]
                         net (fo=1, routed)           0.000     9.808    u_tpu/u_accumulator/write_reg[6][0][6]_i_20_n_0
    SLICE_X48Y135        CARRY4 (Prop_carry4_CI_CO[3])
                                                      0.114     9.922 r  u_tpu/u_accumulator/write_reg[6][0][3]_i_23/CO[3]
                         net (fo=1, routed)           0.000     9.922    u_tpu/u_accumulator/write_reg[6][0][3]_i_23_n_0
    SLICE_X48Y136        CARRY4 (Prop_carry4_CI_CO[3])
                                                      0.114    10.036 r  u_tpu/u_accumulator/write_reg[6][0][7]_i_73/CO[3]
                         net (fo=1, routed)           0.000    10.036    u_tpu/u_accumulator/write_reg[6][0][7]_i_73_n_0
    SLICE_X48Y137        CARRY4 (Prop_carry4_CI_CO[3])
                                                      0.114    10.150 r  u_tpu/u_accumulator/write_reg[6][0][7]_i_22/CO[3]
                         net (fo=1, routed)           0.000    10.150    u_tpu/u_accumulator/write_reg[6][0][7]_i_22_n_0
    SLICE_X48Y138        CARRY4 (Prop_carry4_CI_O[3])
                                                      0.313    10.463 f  u_tpu/u_accumulator/write_reg[6][0][7]_i_8/O[3]
                         net (fo=165, routed)         0.844    11.307    u_tpu/u_accumulator/state_reg_rep_1[3]
    SLICE_X49Y141        LUT6 (Prop_lut6_I0_O)        0.306    11.613 f  u_tpu/u_accumulator/write[6][0][7]_i_69/O
                         net (fo=4, routed)           0.853    12.467    u_tpu/u_accumulator/write[6][0][7]_i_69_n_0
    SLICE_X50Y143        LUT6 (Prop_lut6_I1_O)        0.124    12.591 f  u_tpu/u_accumulator/write[6][0][7]_i_92/O
                         net (fo=5, routed)           0.599    13.190    u_tpu/u_accumulator/write[6][0][7]_i_92_n_0
    SLICE_X50Y144        LUT3 (Prop_lut3_I0_O)        0.124    13.314 f  u_tpu/u_accumulator/write[6][0][7]_i_297/O
                         net (fo=11, routed)          0.681    13.995    u_tpu/u_accumulator/shift_amount_reg[0]_rep__5_7
    SLICE_X51Y145        LUT6 (Prop_lut6_I1_O)        0.124    14.119 f  u_tpu/u_accumulator/write[6][0][7]_i_304/O
                         net (fo=2, routed)           0.584    14.703    u_tpu/u_accumulator/write[6][0][7]_i_304_n_0
    SLICE_X51Y146        LUT5 (Prop_lut5_I2_O)        0.124    14.827 f  u_tpu/u_accumulator/write[6][0][7]_i_300/O
                         net (fo=4, routed)           0.438    15.265    u_tpu/u_accumulator/write[6][0][7]_i_300_n_0
    SLICE_X50Y148        LUT6 (Prop_lut6_I0_O)        0.124    15.389 r  u_tpu/u_accumulator/write[6][0][7]_i_253/O
                         net (fo=1, routed)           0.621    16.010    u_tpu/u_accumulator/write[6][0][7]_i_253_n_0
    SLICE_X49Y149        CARRY4 (Prop_carry4_DI[1]_CO[3])
                                                      0.507    16.517 r  u_tpu/u_accumulator/write_reg[6][0][7]_i_152/CO[3]
                         net (fo=1, routed)           0.001    16.518    u_uart_top/u_host_controller/write_reg[6][0][7]_i_17_0[0]
    SLICE_X49Y150        CARRY4 (Prop_carry4_CI_CO[3])
                                                      0.114    16.632 r  u_uart_top/u_host_controller/write_reg[6][0][7]_i_56/CO[3]
                         net (fo=1, routed)           0.000    16.632    u_uart_top/u_host_controller/write_reg[6][0][7]_i_56_n_0
    SLICE_X49Y151        CARRY4 (Prop_carry4_CI_CO[3])
                                                      0.114    16.746 r  u_uart_top/u_host_controller/write_reg[6][0][7]_i_17/CO[3]
                         net (fo=1, routed)           0.000    16.746    u_uart_top/u_host_controller/write_reg[6][0][7]_i_17_n_0
    SLICE_X49Y152        CARRY4 (Prop_carry4_CI_CO[0])
                                                      0.271    17.017 f  u_uart_top/u_host_controller/write_reg[6][0][7]_i_6/CO[0]
                         net (fo=8, routed)           0.775    17.792    u_tpu/u_accumulator/write_reg[6][7][6][0]
    SLICE_X48Y155        LUT6 (Prop_lut6_I3_O)        0.373    18.165 r  u_tpu/u_accumulator/write[6][0][4]_i_2/O
                         net (fo=1, routed)           0.537    18.702    u_uart_top/u_host_controller/write_reg[6][7][4]
    SLICE_X47Y155        LUT5 (Prop_lut5_I0_O)        0.124    18.826 r  u_uart_top/u_host_controller/write[6][0][4]_i_1/O
                         net (fo=8, routed)           0.681    19.506    u_tpu/u_unified_buffer/write_reg[6][7][7]_0[4]
    SLICE_X46Y155        FDRE                                         r  u_tpu/u_unified_buffer/write_reg[6][0][4]/D
  -------------------------------------------------------------------    -------------------

                         (clock sys_clk_pin rise edge)
                                                     10.000    10.000 r  
    E3                                                0.000    10.000 r  clk (IN)
                         net (fo=0)                   0.000    10.000    clk
    E3                   IBUF (Prop_ibuf_I_O)         1.411    11.411 r  clk_IBUF_inst/O
                         net (fo=1, routed)           1.920    13.331    clk_IBUF
    BUFGCTRL_X0Y16       BUFG (Prop_bufg_I_O)         0.091    13.422 r  clk_IBUF_BUFG_inst/O
                         net (fo=7808, routed)        1.671    15.093    u_tpu/u_unified_buffer/clk_IBUF_BUFG
    SLICE_X46Y155        FDRE                                         r  u_tpu/u_unified_buffer/write_reg[6][0][4]/C
                         clock pessimism              0.188    15.281    
                         clock uncertainty           -0.035    15.246    
    SLICE_X46Y155        FDRE (Setup_fdre_C_D)       -0.045    15.201    u_tpu/u_unified_buffer/write_reg[6][0][4]
  -------------------------------------------------------------------
                         required time                         15.201    
                         arrival time                         -19.506    
  -------------------------------------------------------------------
                         slack                                 -4.305    





Min Delay Paths
--------------------------------------------------------------------------------------
Slack (MET) :             0.038ns  (arrival time - required time)
  Source:                 u_tpu/u_unified_buffer/rd_data_reg[4][4]/C
                            (rising edge-triggered cell FDRE clocked by sys_clk_pin  {rise@0.000ns fall@5.000ns period=10.000ns})
  Destination:            u_uart_top/u_host_controller/result_latch_reg[4][4]/D
                            (rising edge-triggered cell FDRE clocked by sys_clk_pin  {rise@0.000ns fall@5.000ns period=10.000ns})
  Path Group:             sys_clk_pin
  Path Type:              Hold (Min at Fast Process Corner)
  Requirement:            0.000ns  (sys_clk_pin rise@0.000ns - sys_clk_pin rise@0.000ns)
  Data Path Delay:        0.366ns  (logic 0.141ns (38.522%)  route 0.225ns (61.478%))
  Logic Levels:           0  
  Clock Path Skew:        0.269ns (DCD - SCD - CPR)
    Destination Clock Delay (DCD):    2.080ns
    Source Clock Delay      (SCD):    1.557ns
    Clock Pessimism Removal (CPR):    0.255ns

    Location             Delay type                Incr(ns)  Path(ns)    Netlist Resource(s)
  -------------------------------------------------------------------    -------------------
                         (clock sys_clk_pin rise edge)
                                                      0.000     0.000 r  
    E3                                                0.000     0.000 r  clk (IN)
                         net (fo=0)                   0.000     0.000    clk
    E3                   IBUF (Prop_ibuf_I_O)         0.250     0.250 r  clk_IBUF_inst/O
                         net (fo=1, routed)           0.644     0.894    clk_IBUF
    BUFGCTRL_X0Y16       BUFG (Prop_bufg_I_O)         0.026     0.920 r  clk_IBUF_BUFG_inst/O
                         net (fo=7808, routed)        0.637     1.557    u_tpu/u_unified_buffer/clk_IBUF_BUFG
    SLICE_X53Y162        FDRE                                         r  u_tpu/u_unified_buffer/rd_data_reg[4][4]/C
  -------------------------------------------------------------------    -------------------
    SLICE_X53Y162        FDRE (Prop_fdre_C_Q)         0.141     1.698 r  u_tpu/u_unified_buffer/rd_data_reg[4][4]/Q
                         net (fo=1, routed)           0.225     1.923    u_uart_top/u_host_controller/result_latch_reg[4][7]_0[4]
    SLICE_X42Y162        FDRE                                         r  u_uart_top/u_host_controller/result_latch_reg[4][4]/D
  -------------------------------------------------------------------    -------------------

                         (clock sys_clk_pin rise edge)
                                                      0.000     0.000 r  
    E3                                                0.000     0.000 r  clk (IN)
                         net (fo=0)                   0.000     0.000    clk
    E3                   IBUF (Prop_ibuf_I_O)         0.438     0.438 r  clk_IBUF_inst/O
                         net (fo=1, routed)           0.699     1.136    clk_IBUF
    BUFGCTRL_X0Y16       BUFG (Prop_bufg_I_O)         0.029     1.165 r  clk_IBUF_BUFG_inst/O
                         net (fo=7808, routed)        0.915     2.080    u_uart_top/u_host_controller/clk_IBUF_BUFG
    SLICE_X42Y162        FDRE                                         r  u_uart_top/u_host_controller/result_latch_reg[4][4]/C
                         clock pessimism             -0.255     1.826    
    SLICE_X42Y162        FDRE (Hold_fdre_C_D)         0.059     1.885    u_uart_top/u_host_controller/result_latch_reg[4][4]
  -------------------------------------------------------------------
                         required time                         -1.885    
                         arrival time                           1.923    
  -------------------------------------------------------------------
                         slack                                  0.038    

Slack (MET) :             0.043ns  (arrival time - required time)
  Source:                 u_tpu/u_systolic_array/g_row[4].g_col[4].u_pe/psum_out_reg[0]/C
                            (rising edge-triggered cell FDRE clocked by sys_clk_pin  {rise@0.000ns fall@5.000ns period=10.000ns})
  Destination:            u_tpu/u_systolic_array/g_row[5].g_col[4].u_pe/psum_out_reg[1]/D
                            (rising edge-triggered cell FDRE clocked by sys_clk_pin  {rise@0.000ns fall@5.000ns period=10.000ns})
  Path Group:             sys_clk_pin
  Path Type:              Hold (Min at Fast Process Corner)
  Requirement:            0.000ns  (sys_clk_pin rise@0.000ns - sys_clk_pin rise@0.000ns)
  Data Path Delay:        0.441ns  (logic 0.270ns (61.168%)  route 0.171ns (38.832%))
  Logic Levels:           1  (CARRY4=1)
  Clock Path Skew:        0.265ns (DCD - SCD - CPR)
    Destination Clock Delay (DCD):    1.997ns
    Source Clock Delay      (SCD):    1.486ns
    Clock Pessimism Removal (CPR):    0.245ns

    Location             Delay type                Incr(ns)  Path(ns)    Netlist Resource(s)
  -------------------------------------------------------------------    -------------------
                         (clock sys_clk_pin rise edge)
                                                      0.000     0.000 r  
    E3                                                0.000     0.000 r  clk (IN)
                         net (fo=0)                   0.000     0.000    clk
    E3                   IBUF (Prop_ibuf_I_O)         0.250     0.250 r  clk_IBUF_inst/O
                         net (fo=1, routed)           0.644     0.894    clk_IBUF
    BUFGCTRL_X0Y16       BUFG (Prop_bufg_I_O)         0.026     0.920 r  clk_IBUF_BUFG_inst/O
                         net (fo=7808, routed)        0.567     1.486    u_tpu/u_systolic_array/g_row[4].g_col[4].u_pe/clk_IBUF_BUFG
    SLICE_X61Y99         FDRE                                         r  u_tpu/u_systolic_array/g_row[4].g_col[4].u_pe/psum_out_reg[0]/C
  -------------------------------------------------------------------    -------------------
    SLICE_X61Y99         FDRE (Prop_fdre_C_Q)         0.141     1.627 r  u_tpu/u_systolic_array/g_row[4].g_col[4].u_pe/psum_out_reg[0]/Q
                         net (fo=2, routed)           0.171     1.799    u_tpu/u_systolic_array/g_row[5].g_col[4].u_pe/psum_out_reg[31]_0[0]
    SLICE_X58Y101        CARRY4 (Prop_carry4_DI[0]_O[1])
                                                      0.129     1.928 r  u_tpu/u_systolic_array/g_row[5].g_col[4].u_pe/psum_next_carry/O[1]
                         net (fo=1, routed)           0.000     1.928    u_tpu/u_systolic_array/g_row[5].g_col[4].u_pe/psum_next_carry_n_6
    SLICE_X58Y101        FDRE                                         r  u_tpu/u_systolic_array/g_row[5].g_col[4].u_pe/psum_out_reg[1]/D
  -------------------------------------------------------------------    -------------------

                         (clock sys_clk_pin rise edge)
                                                      0.000     0.000 r  
    E3                                                0.000     0.000 r  clk (IN)
                         net (fo=0)                   0.000     0.000    clk
    E3                   IBUF (Prop_ibuf_I_O)         0.438     0.438 r  clk_IBUF_inst/O
                         net (fo=1, routed)           0.699     1.136    clk_IBUF
    BUFGCTRL_X0Y16       BUFG (Prop_bufg_I_O)         0.029     1.165 r  clk_IBUF_BUFG_inst/O
                         net (fo=7808, routed)        0.832     1.997    u_tpu/u_systolic_array/g_row[5].g_col[4].u_pe/clk_IBUF_BUFG
    SLICE_X58Y101        FDRE                                         r  u_tpu/u_systolic_array/g_row[5].g_col[4].u_pe/psum_out_reg[1]/C
                         clock pessimism             -0.245     1.751    
    SLICE_X58Y101        FDRE (Hold_fdre_C_D)         0.134     1.885    u_tpu/u_systolic_array/g_row[5].g_col[4].u_pe/psum_out_reg[1]
  -------------------------------------------------------------------
                         required time                         -1.885    
                         arrival time                           1.928    
  -------------------------------------------------------------------
                         slack                                  0.043    

Slack (MET) :             0.047ns  (arrival time - required time)
  Source:                 u_tpu/u_systolic_array/g_row[2].g_col[5].u_pe/act_out_reg[3]/C
                            (rising edge-triggered cell FDRE clocked by sys_clk_pin  {rise@0.000ns fall@5.000ns period=10.000ns})
  Destination:            u_tpu/u_systolic_array/g_row[2].g_col[6].u_pe/act_out_reg[3]/D
                            (rising edge-triggered cell FDRE clocked by sys_clk_pin  {rise@0.000ns fall@5.000ns period=10.000ns})
  Path Group:             sys_clk_pin
  Path Type:              Hold (Min at Fast Process Corner)
  Requirement:            0.000ns  (sys_clk_pin rise@0.000ns - sys_clk_pin rise@0.000ns)
  Data Path Delay:        0.385ns  (logic 0.141ns (36.593%)  route 0.244ns (63.407%))
  Logic Levels:           0  
  Clock Path Skew:        0.268ns (DCD - SCD - CPR)
    Destination Clock Delay (DCD):    1.998ns
    Source Clock Delay      (SCD):    1.479ns
    Clock Pessimism Removal (CPR):    0.250ns

    Location             Delay type                Incr(ns)  Path(ns)    Netlist Resource(s)
  -------------------------------------------------------------------    -------------------
                         (clock sys_clk_pin rise edge)
                                                      0.000     0.000 r  
    E3                                                0.000     0.000 r  clk (IN)
                         net (fo=0)                   0.000     0.000    clk
    E3                   IBUF (Prop_ibuf_I_O)         0.250     0.250 r  clk_IBUF_inst/O
                         net (fo=1, routed)           0.644     0.894    clk_IBUF
    BUFGCTRL_X0Y16       BUFG (Prop_bufg_I_O)         0.026     0.920 r  clk_IBUF_BUFG_inst/O
                         net (fo=7808, routed)        0.560     1.479    u_tpu/u_systolic_array/g_row[2].g_col[5].u_pe/clk_IBUF_BUFG
    SLICE_X55Y86         FDRE                                         r  u_tpu/u_systolic_array/g_row[2].g_col[5].u_pe/act_out_reg[3]/C
  -------------------------------------------------------------------    -------------------
    SLICE_X55Y86         FDRE (Prop_fdre_C_Q)         0.141     1.620 r  u_tpu/u_systolic_array/g_row[2].g_col[5].u_pe/act_out_reg[3]/Q
                         net (fo=17, routed)          0.244     1.865    u_tpu/u_systolic_array/g_row[2].g_col[6].u_pe/act_out_reg[7]_7[3]
    SLICE_X48Y87         FDRE                                         r  u_tpu/u_systolic_array/g_row[2].g_col[6].u_pe/act_out_reg[3]/D
  -------------------------------------------------------------------    -------------------

                         (clock sys_clk_pin rise edge)
                                                      0.000     0.000 r  
    E3                                                0.000     0.000 r  clk (IN)
                         net (fo=0)                   0.000     0.000    clk
    E3                   IBUF (Prop_ibuf_I_O)         0.438     0.438 r  clk_IBUF_inst/O
                         net (fo=1, routed)           0.699     1.136    clk_IBUF
    BUFGCTRL_X0Y16       BUFG (Prop_bufg_I_O)         0.029     1.165 r  clk_IBUF_BUFG_inst/O
                         net (fo=7808, routed)        0.833     1.998    u_tpu/u_systolic_array/g_row[2].g_col[6].u_pe/clk_IBUF_BUFG
    SLICE_X48Y87         FDRE                                         r  u_tpu/u_systolic_array/g_row[2].g_col[6].u_pe/act_out_reg[3]/C
                         clock pessimism             -0.250     1.747    
    SLICE_X48Y87         FDRE (Hold_fdre_C_D)         0.070     1.817    u_tpu/u_systolic_array/g_row[2].g_col[6].u_pe/act_out_reg[3]
  -------------------------------------------------------------------
                         required time                         -1.817    
                         arrival time                           1.865    
  -------------------------------------------------------------------
                         slack                                  0.047    

Slack (MET) :             0.048ns  (arrival time - required time)
  Source:                 u_tpu/u_unified_buffer/write_reg[6][3][6]/C
                            (rising edge-triggered cell FDRE clocked by sys_clk_pin  {rise@0.000ns fall@5.000ns period=10.000ns})
  Destination:            u_tpu/u_unified_buffer/active_reg[3][6][6]/D
                            (rising edge-triggered cell FDRE clocked by sys_clk_pin  {rise@0.000ns fall@5.000ns period=10.000ns})
  Path Group:             sys_clk_pin
  Path Type:              Hold (Min at Fast Process Corner)
  Requirement:            0.000ns  (sys_clk_pin rise@0.000ns - sys_clk_pin rise@0.000ns)
  Data Path Delay:        0.376ns  (logic 0.164ns (43.599%)  route 0.212ns (56.401%))
  Logic Levels:           0  
  Clock Path Skew:        0.262ns (DCD - SCD - CPR)
    Destination Clock Delay (DCD):    2.078ns
    Source Clock Delay      (SCD):    1.562ns
    Clock Pessimism Removal (CPR):    0.255ns

    Location             Delay type                Incr(ns)  Path(ns)    Netlist Resource(s)
  -------------------------------------------------------------------    -------------------
                         (clock sys_clk_pin rise edge)
                                                      0.000     0.000 r  
    E3                                                0.000     0.000 r  clk (IN)
                         net (fo=0)                   0.000     0.000    clk
    E3                   IBUF (Prop_ibuf_I_O)         0.250     0.250 r  clk_IBUF_inst/O
                         net (fo=1, routed)           0.644     0.894    clk_IBUF
    BUFGCTRL_X0Y16       BUFG (Prop_bufg_I_O)         0.026     0.920 r  clk_IBUF_BUFG_inst/O
                         net (fo=7808, routed)        0.642     1.562    u_tpu/u_unified_buffer/clk_IBUF_BUFG
    SLICE_X46Y153        FDRE                                         r  u_tpu/u_unified_buffer/write_reg[6][3][6]/C
  -------------------------------------------------------------------    -------------------
    SLICE_X46Y153        FDRE (Prop_fdre_C_Q)         0.164     1.726 r  u_tpu/u_unified_buffer/write_reg[6][3][6]/Q
                         net (fo=2, routed)           0.212     1.938    u_tpu/u_unified_buffer/write_reg[6][3]_197[6]
    SLICE_X53Y157        FDRE                                         r  u_tpu/u_unified_buffer/active_reg[3][6][6]/D
  -------------------------------------------------------------------    -------------------

                         (clock sys_clk_pin rise edge)
                                                      0.000     0.000 r  
    E3                                                0.000     0.000 r  clk (IN)
                         net (fo=0)                   0.000     0.000    clk
    E3                   IBUF (Prop_ibuf_I_O)         0.438     0.438 r  clk_IBUF_inst/O
                         net (fo=1, routed)           0.699     1.136    clk_IBUF
    BUFGCTRL_X0Y16       BUFG (Prop_bufg_I_O)         0.029     1.165 r  clk_IBUF_BUFG_inst/O
                         net (fo=7808, routed)        0.913     2.078    u_tpu/u_unified_buffer/clk_IBUF_BUFG
    SLICE_X53Y157        FDRE                                         r  u_tpu/u_unified_buffer/active_reg[3][6][6]/C
                         clock pessimism             -0.255     1.824    
    SLICE_X53Y157        FDRE (Hold_fdre_C_D)         0.066     1.890    u_tpu/u_unified_buffer/active_reg[3][6][6]
  -------------------------------------------------------------------
                         required time                         -1.890    
                         arrival time                           1.938    
  -------------------------------------------------------------------
                         slack                                  0.048    

Slack (MET) :             0.057ns  (arrival time - required time)
  Source:                 u_tpu/u_unified_buffer/write_reg[1][2][1]/C
                            (rising edge-triggered cell FDRE clocked by sys_clk_pin  {rise@0.000ns fall@5.000ns period=10.000ns})
  Destination:            u_tpu/u_unified_buffer/active_reg[2][1][1]/D
                            (rising edge-triggered cell FDRE clocked by sys_clk_pin  {rise@0.000ns fall@5.000ns period=10.000ns})
  Path Group:             sys_clk_pin
  Path Type:              Hold (Min at Fast Process Corner)
  Requirement:            0.000ns  (sys_clk_pin rise@0.000ns - sys_clk_pin rise@0.000ns)
  Data Path Delay:        0.473ns  (logic 0.141ns (29.818%)  route 0.332ns (70.182%))
  Logic Levels:           0  
  Clock Path Skew:        0.349ns (DCD - SCD - CPR)
    Destination Clock Delay (DCD):    2.086ns
    Source Clock Delay      (SCD):    1.486ns
    Clock Pessimism Removal (CPR):    0.250ns

    Location             Delay type                Incr(ns)  Path(ns)    Netlist Resource(s)
  -------------------------------------------------------------------    -------------------
                         (clock sys_clk_pin rise edge)
                                                      0.000     0.000 r  
    E3                                                0.000     0.000 r  clk (IN)
                         net (fo=0)                   0.000     0.000    clk
    E3                   IBUF (Prop_ibuf_I_O)         0.250     0.250 r  clk_IBUF_inst/O
                         net (fo=1, routed)           0.644     0.894    clk_IBUF
    BUFGCTRL_X0Y16       BUFG (Prop_bufg_I_O)         0.026     0.920 r  clk_IBUF_BUFG_inst/O
                         net (fo=7808, routed)        0.567     1.486    u_tpu/u_unified_buffer/clk_IBUF_BUFG
    SLICE_X29Y149        FDRE                                         r  u_tpu/u_unified_buffer/write_reg[1][2][1]/C
  -------------------------------------------------------------------    -------------------
    SLICE_X29Y149        FDRE (Prop_fdre_C_Q)         0.141     1.627 r  u_tpu/u_unified_buffer/write_reg[1][2][1]/Q
                         net (fo=2, routed)           0.332     1.959    u_tpu/u_unified_buffer/write_reg[1][2]_172[1]
    SLICE_X31Y159        FDRE                                         r  u_tpu/u_unified_buffer/active_reg[2][1][1]/D
  -------------------------------------------------------------------    -------------------

                         (clock sys_clk_pin rise edge)
                                                      0.000     0.000 r  
    E3                                                0.000     0.000 r  clk (IN)
                         net (fo=0)                   0.000     0.000    clk
    E3                   IBUF (Prop_ibuf_I_O)         0.438     0.438 r  clk_IBUF_inst/O
                         net (fo=1, routed)           0.699     1.136    clk_IBUF
    BUFGCTRL_X0Y16       BUFG (Prop_bufg_I_O)         0.029     1.165 r  clk_IBUF_BUFG_inst/O
                         net (fo=7808, routed)        0.921     2.086    u_tpu/u_unified_buffer/clk_IBUF_BUFG
    SLICE_X31Y159        FDRE                                         r  u_tpu/u_unified_buffer/active_reg[2][1][1]/C
                         clock pessimism             -0.250     1.836    
    SLICE_X31Y159        FDRE (Hold_fdre_C_D)         0.066     1.902    u_tpu/u_unified_buffer/active_reg[2][1][1]
  -------------------------------------------------------------------
                         required time                         -1.902    
                         arrival time                           1.959    
  -------------------------------------------------------------------
                         slack                                  0.057    

Slack (MET) :             0.059ns  (arrival time - required time)
  Source:                 u_tpu/u_systolic_array/g_row[0].g_col[3].u_pe/psum_out_reg[2]/C
                            (rising edge-triggered cell FDRE clocked by sys_clk_pin  {rise@0.000ns fall@5.000ns period=10.000ns})
  Destination:            u_tpu/u_systolic_array/g_row[1].g_col[3].u_pe/psum_out_reg[4]/D
                            (rising edge-triggered cell FDRE clocked by sys_clk_pin  {rise@0.000ns fall@5.000ns period=10.000ns})
  Path Group:             sys_clk_pin
  Path Type:              Hold (Min at Fast Process Corner)
  Requirement:            0.000ns  (sys_clk_pin rise@0.000ns - sys_clk_pin rise@0.000ns)
  Data Path Delay:        0.457ns  (logic 0.313ns (68.466%)  route 0.144ns (31.534%))
  Logic Levels:           2  (CARRY4=2)
  Clock Path Skew:        0.264ns (DCD - SCD - CPR)
    Destination Clock Delay (DCD):    2.030ns
    Source Clock Delay      (SCD):    1.520ns
    Clock Pessimism Removal (CPR):    0.245ns

    Location             Delay type                Incr(ns)  Path(ns)    Netlist Resource(s)
  -------------------------------------------------------------------    -------------------
                         (clock sys_clk_pin rise edge)
                                                      0.000     0.000 r  
    E3                                                0.000     0.000 r  clk (IN)
                         net (fo=0)                   0.000     0.000    clk
    E3                   IBUF (Prop_ibuf_I_O)         0.250     0.250 r  clk_IBUF_inst/O
                         net (fo=1, routed)           0.644     0.894    clk_IBUF
    BUFGCTRL_X0Y16       BUFG (Prop_bufg_I_O)         0.026     0.920 r  clk_IBUF_BUFG_inst/O
                         net (fo=7808, routed)        0.601     1.520    u_tpu/u_systolic_array/g_row[0].g_col[3].u_pe/clk_IBUF_BUFG
    SLICE_X79Y99         FDRE                                         r  u_tpu/u_systolic_array/g_row[0].g_col[3].u_pe/psum_out_reg[2]/C
  -------------------------------------------------------------------    -------------------
    SLICE_X79Y99         FDRE (Prop_fdre_C_Q)         0.141     1.661 r  u_tpu/u_systolic_array/g_row[0].g_col[3].u_pe/psum_out_reg[2]/Q
                         net (fo=2, routed)           0.143     1.805    u_tpu/u_systolic_array/g_row[1].g_col[3].u_pe/psum_out_reg[15]_2[2]
    SLICE_X76Y99         CARRY4 (Prop_carry4_DI[2]_CO[3])
                                                      0.119     1.924 r  u_tpu/u_systolic_array/g_row[1].g_col[3].u_pe/psum_next_carry/CO[3]
                         net (fo=1, routed)           0.001     1.924    u_tpu/u_systolic_array/g_row[1].g_col[3].u_pe/psum_next_carry_n_0
    SLICE_X76Y100        CARRY4 (Prop_carry4_CI_O[0])
                                                      0.053     1.977 r  u_tpu/u_systolic_array/g_row[1].g_col[3].u_pe/psum_next_carry__0/O[0]
                         net (fo=1, routed)           0.000     1.977    u_tpu/u_systolic_array/g_row[1].g_col[3].u_pe/psum_next_carry__0_n_7
    SLICE_X76Y100        FDRE                                         r  u_tpu/u_systolic_array/g_row[1].g_col[3].u_pe/psum_out_reg[4]/D
  -------------------------------------------------------------------    -------------------

                         (clock sys_clk_pin rise edge)
                                                      0.000     0.000 r  
    E3                                                0.000     0.000 r  clk (IN)
                         net (fo=0)                   0.000     0.000    clk
    E3                   IBUF (Prop_ibuf_I_O)         0.438     0.438 r  clk_IBUF_inst/O
                         net (fo=1, routed)           0.699     1.136    clk_IBUF
    BUFGCTRL_X0Y16       BUFG (Prop_bufg_I_O)         0.029     1.165 r  clk_IBUF_BUFG_inst/O
                         net (fo=7808, routed)        0.865     2.030    u_tpu/u_systolic_array/g_row[1].g_col[3].u_pe/clk_IBUF_BUFG
    SLICE_X76Y100        FDRE                                         r  u_tpu/u_systolic_array/g_row[1].g_col[3].u_pe/psum_out_reg[4]/C
                         clock pessimism             -0.245     1.784    
    SLICE_X76Y100        FDRE (Hold_fdre_C_D)         0.134     1.918    u_tpu/u_systolic_array/g_row[1].g_col[3].u_pe/psum_out_reg[4]
  -------------------------------------------------------------------
                         required time                         -1.918    
                         arrival time                           1.977    
  -------------------------------------------------------------------
                         slack                                  0.059    

Slack (MET) :             0.060ns  (arrival time - required time)
  Source:                 u_tpu/u_systolic_array/g_row[2].g_col[5].u_pe/act_out_reg[4]/C
                            (rising edge-triggered cell FDRE clocked by sys_clk_pin  {rise@0.000ns fall@5.000ns period=10.000ns})
  Destination:            u_tpu/u_systolic_array/g_row[2].g_col[6].u_pe/act_out_reg[4]/D
                            (rising edge-triggered cell FDRE clocked by sys_clk_pin  {rise@0.000ns fall@5.000ns period=10.000ns})
  Path Group:             sys_clk_pin
  Path Type:              Hold (Min at Fast Process Corner)
  Requirement:            0.000ns  (sys_clk_pin rise@0.000ns - sys_clk_pin rise@0.000ns)
  Data Path Delay:        0.397ns  (logic 0.141ns (35.493%)  route 0.256ns (64.507%))
  Logic Levels:           0  
  Clock Path Skew:        0.267ns (DCD - SCD - CPR)
    Destination Clock Delay (DCD):    1.997ns
    Source Clock Delay      (SCD):    1.479ns
    Clock Pessimism Removal (CPR):    0.250ns

    Location             Delay type                Incr(ns)  Path(ns)    Netlist Resource(s)
  -------------------------------------------------------------------    -------------------
                         (clock sys_clk_pin rise edge)
                                                      0.000     0.000 r  
    E3                                                0.000     0.000 r  clk (IN)
                         net (fo=0)                   0.000     0.000    clk
    E3                   IBUF (Prop_ibuf_I_O)         0.250     0.250 r  clk_IBUF_inst/O
                         net (fo=1, routed)           0.644     0.894    clk_IBUF
    BUFGCTRL_X0Y16       BUFG (Prop_bufg_I_O)         0.026     0.920 r  clk_IBUF_BUFG_inst/O
                         net (fo=7808, routed)        0.560     1.479    u_tpu/u_systolic_array/g_row[2].g_col[5].u_pe/clk_IBUF_BUFG
    SLICE_X52Y84         FDRE                                         r  u_tpu/u_systolic_array/g_row[2].g_col[5].u_pe/act_out_reg[4]/C
  -------------------------------------------------------------------    -------------------
    SLICE_X52Y84         FDRE (Prop_fdre_C_Q)         0.141     1.620 r  u_tpu/u_systolic_array/g_row[2].g_col[5].u_pe/act_out_reg[4]/Q
                         net (fo=18, routed)          0.256     1.877    u_tpu/u_systolic_array/g_row[2].g_col[6].u_pe/act_out_reg[7]_7[4]
    SLICE_X48Y86         FDRE                                         r  u_tpu/u_systolic_array/g_row[2].g_col[6].u_pe/act_out_reg[4]/D
  -------------------------------------------------------------------    -------------------

                         (clock sys_clk_pin rise edge)
                                                      0.000     0.000 r  
    E3                                                0.000     0.000 r  clk (IN)
                         net (fo=0)                   0.000     0.000    clk
    E3                   IBUF (Prop_ibuf_I_O)         0.438     0.438 r  clk_IBUF_inst/O
                         net (fo=1, routed)           0.699     1.136    clk_IBUF
    BUFGCTRL_X0Y16       BUFG (Prop_bufg_I_O)         0.029     1.165 r  clk_IBUF_BUFG_inst/O
                         net (fo=7808, routed)        0.832     1.997    u_tpu/u_systolic_array/g_row[2].g_col[6].u_pe/clk_IBUF_BUFG
    SLICE_X48Y86         FDRE                                         r  u_tpu/u_systolic_array/g_row[2].g_col[6].u_pe/act_out_reg[4]/C
                         clock pessimism             -0.250     1.746    
    SLICE_X48Y86         FDRE (Hold_fdre_C_D)         0.070     1.816    u_tpu/u_systolic_array/g_row[2].g_col[6].u_pe/act_out_reg[4]
  -------------------------------------------------------------------
                         required time                         -1.816    
                         arrival time                           1.877    
  -------------------------------------------------------------------
                         slack                                  0.060    

Slack (MET) :             0.068ns  (arrival time - required time)
  Source:                 u_tpu/u_unified_buffer/result_reg[7][6][6]/C
                            (rising edge-triggered cell FDRE clocked by sys_clk_pin  {rise@0.000ns fall@5.000ns period=10.000ns})
  Destination:            u_tpu/u_unified_buffer/rd_data_reg[7][6]/D
                            (rising edge-triggered cell FDRE clocked by sys_clk_pin  {rise@0.000ns fall@5.000ns period=10.000ns})
  Path Group:             sys_clk_pin
  Path Type:              Hold (Min at Fast Process Corner)
  Requirement:            0.000ns  (sys_clk_pin rise@0.000ns - sys_clk_pin rise@0.000ns)
  Data Path Delay:        0.440ns  (logic 0.260ns (59.032%)  route 0.180ns (40.968%))
  Logic Levels:           2  (LUT6=1 MUXF7=1)
  Clock Path Skew:        0.268ns (DCD - SCD - CPR)
    Destination Clock Delay (DCD):    2.081ns
    Source Clock Delay      (SCD):    1.559ns
    Clock Pessimism Removal (CPR):    0.255ns

    Location             Delay type                Incr(ns)  Path(ns)    Netlist Resource(s)
  -------------------------------------------------------------------    -------------------
                         (clock sys_clk_pin rise edge)
                                                      0.000     0.000 r  
    E3                                                0.000     0.000 r  clk (IN)
                         net (fo=0)                   0.000     0.000    clk
    E3                   IBUF (Prop_ibuf_I_O)         0.250     0.250 r  clk_IBUF_inst/O
                         net (fo=1, routed)           0.644     0.894    clk_IBUF
    BUFGCTRL_X0Y16       BUFG (Prop_bufg_I_O)         0.026     0.920 r  clk_IBUF_BUFG_inst/O
                         net (fo=7808, routed)        0.639     1.559    u_tpu/u_unified_buffer/clk_IBUF_BUFG
    SLICE_X52Y158        FDRE                                         r  u_tpu/u_unified_buffer/result_reg[7][6][6]/C
  -------------------------------------------------------------------    -------------------
    SLICE_X52Y158        FDRE (Prop_fdre_C_Q)         0.141     1.700 r  u_tpu/u_unified_buffer/result_reg[7][6][6]/Q
                         net (fo=1, routed)           0.180     1.880    u_tpu/u_unified_buffer/result_reg[7][6]_266[6]
    SLICE_X48Y159        LUT6 (Prop_lut6_I1_O)        0.045     1.925 r  u_tpu/u_unified_buffer/rd_data[7][6]_i_3/O
                         net (fo=1, routed)           0.000     1.925    u_tpu/u_unified_buffer/rd_data[7][6]_i_3_n_0
    SLICE_X48Y159        MUXF7 (Prop_muxf7_I1_O)      0.074     1.999 r  u_tpu/u_unified_buffer/rd_data_reg[7][6]_i_1/O
                         net (fo=1, routed)           0.000     1.999    u_tpu/u_unified_buffer/result[6]
    SLICE_X48Y159        FDRE                                         r  u_tpu/u_unified_buffer/rd_data_reg[7][6]/D
  -------------------------------------------------------------------    -------------------

                         (clock sys_clk_pin rise edge)
                                                      0.000     0.000 r  
    E3                                                0.000     0.000 r  clk (IN)
                         net (fo=0)                   0.000     0.000    clk
    E3                   IBUF (Prop_ibuf_I_O)         0.438     0.438 r  clk_IBUF_inst/O
                         net (fo=1, routed)           0.699     1.136    clk_IBUF
    BUFGCTRL_X0Y16       BUFG (Prop_bufg_I_O)         0.029     1.165 r  clk_IBUF_BUFG_inst/O
                         net (fo=7808, routed)        0.916     2.081    u_tpu/u_unified_buffer/clk_IBUF_BUFG
    SLICE_X48Y159        FDRE                                         r  u_tpu/u_unified_buffer/rd_data_reg[7][6]/C
                         clock pessimism             -0.255     1.827    
    SLICE_X48Y159        FDRE (Hold_fdre_C_D)         0.105     1.932    u_tpu/u_unified_buffer/rd_data_reg[7][6]
  -------------------------------------------------------------------
                         required time                         -1.932    
                         arrival time                           1.999    
  -------------------------------------------------------------------
                         slack                                  0.068    

Slack (MET) :             0.070ns  (arrival time - required time)
  Source:                 u_uart_top/u_host_controller/payload_buf_reg[7][7]/C
                            (rising edge-triggered cell FDRE clocked by sys_clk_pin  {rise@0.000ns fall@5.000ns period=10.000ns})
  Destination:            u_tpu/u_weight_buffer/shadow_reg[6][3][7]/D
                            (rising edge-triggered cell FDRE clocked by sys_clk_pin  {rise@0.000ns fall@5.000ns period=10.000ns})
  Path Group:             sys_clk_pin
  Path Type:              Hold (Min at Fast Process Corner)
  Requirement:            0.000ns  (sys_clk_pin rise@0.000ns - sys_clk_pin rise@0.000ns)
  Data Path Delay:        0.390ns  (logic 0.141ns (36.151%)  route 0.249ns (63.849%))
  Logic Levels:           0  
  Clock Path Skew:        0.261ns (DCD - SCD - CPR)
    Destination Clock Delay (DCD):    2.071ns
    Source Clock Delay      (SCD):    1.556ns
    Clock Pessimism Removal (CPR):    0.255ns

    Location             Delay type                Incr(ns)  Path(ns)    Netlist Resource(s)
  -------------------------------------------------------------------    -------------------
                         (clock sys_clk_pin rise edge)
                                                      0.000     0.000 r  
    E3                                                0.000     0.000 r  clk (IN)
                         net (fo=0)                   0.000     0.000    clk
    E3                   IBUF (Prop_ibuf_I_O)         0.250     0.250 r  clk_IBUF_inst/O
                         net (fo=1, routed)           0.644     0.894    clk_IBUF
    BUFGCTRL_X0Y16       BUFG (Prop_bufg_I_O)         0.026     0.920 r  clk_IBUF_BUFG_inst/O
                         net (fo=7808, routed)        0.636     1.556    u_uart_top/u_host_controller/clk_IBUF_BUFG
    SLICE_X52Y164        FDRE                                         r  u_uart_top/u_host_controller/payload_buf_reg[7][7]/C
  -------------------------------------------------------------------    -------------------
    SLICE_X52Y164        FDRE (Prop_fdre_C_Q)         0.141     1.697 r  u_uart_top/u_host_controller/payload_buf_reg[7][7]/Q
                         net (fo=9, routed)           0.249     1.946    u_tpu/u_weight_buffer/shadow_reg[6][7][7]_0[7]
    SLICE_X50Y168        FDRE                                         r  u_tpu/u_weight_buffer/shadow_reg[6][3][7]/D
  -------------------------------------------------------------------    -------------------

                         (clock sys_clk_pin rise edge)
                                                      0.000     0.000 r  
    E3                                                0.000     0.000 r  clk (IN)
                         net (fo=0)                   0.000     0.000    clk
    E3                   IBUF (Prop_ibuf_I_O)         0.438     0.438 r  clk_IBUF_inst/O
                         net (fo=1, routed)           0.699     1.136    clk_IBUF
    BUFGCTRL_X0Y16       BUFG (Prop_bufg_I_O)         0.029     1.165 r  clk_IBUF_BUFG_inst/O
                         net (fo=7808, routed)        0.906     2.071    u_tpu/u_weight_buffer/clk_IBUF_BUFG
    SLICE_X50Y168        FDRE                                         r  u_tpu/u_weight_buffer/shadow_reg[6][3][7]/C
                         clock pessimism             -0.255     1.817    
    SLICE_X50Y168        FDRE (Hold_fdre_C_D)         0.059     1.876    u_tpu/u_weight_buffer/shadow_reg[6][3][7]
  -------------------------------------------------------------------
                         required time                         -1.876    
                         arrival time                           1.946    
  -------------------------------------------------------------------
                         slack                                  0.070    

Slack (MET) :             0.071ns  (arrival time - required time)
  Source:                 u_tpu/u_unified_buffer/write_reg[7][2][2]/C
                            (rising edge-triggered cell FDRE clocked by sys_clk_pin  {rise@0.000ns fall@5.000ns period=10.000ns})
  Destination:            u_tpu/u_unified_buffer/result_reg[7][2][2]/D
                            (rising edge-triggered cell FDRE clocked by sys_clk_pin  {rise@0.000ns fall@5.000ns period=10.000ns})
  Path Group:             sys_clk_pin
  Path Type:              Hold (Min at Fast Process Corner)
  Requirement:            0.000ns  (sys_clk_pin rise@0.000ns - sys_clk_pin rise@0.000ns)
  Data Path Delay:        0.472ns  (logic 0.164ns (34.779%)  route 0.308ns (65.221%))
  Logic Levels:           0  
  Clock Path Skew:        0.353ns (DCD - SCD - CPR)
    Destination Clock Delay (DCD):    2.085ns
    Source Clock Delay      (SCD):    1.481ns
    Clock Pessimism Removal (CPR):    0.250ns

    Location             Delay type                Incr(ns)  Path(ns)    Netlist Resource(s)
  -------------------------------------------------------------------    -------------------
                         (clock sys_clk_pin rise edge)
                                                      0.000     0.000 r  
    E3                                                0.000     0.000 r  clk (IN)
                         net (fo=0)                   0.000     0.000    clk
    E3                   IBUF (Prop_ibuf_I_O)         0.250     0.250 r  clk_IBUF_inst/O
                         net (fo=1, routed)           0.644     0.894    clk_IBUF
    BUFGCTRL_X0Y16       BUFG (Prop_bufg_I_O)         0.026     0.920 r  clk_IBUF_BUFG_inst/O
                         net (fo=7808, routed)        0.562     1.481    u_tpu/u_unified_buffer/clk_IBUF_BUFG
    SLICE_X66Y146        FDRE                                         r  u_tpu/u_unified_buffer/write_reg[7][2][2]/C
  -------------------------------------------------------------------    -------------------
    SLICE_X66Y146        FDRE (Prop_fdre_C_Q)         0.164     1.645 r  u_tpu/u_unified_buffer/write_reg[7][2][2]/Q
                         net (fo=2, routed)           0.308     1.953    u_tpu/u_unified_buffer/write_reg[7][2]__0[2]
    SLICE_X65Y155        FDRE                                         r  u_tpu/u_unified_buffer/result_reg[7][2][2]/D
  -------------------------------------------------------------------    -------------------

                         (clock sys_clk_pin rise edge)
                                                      0.000     0.000 r  
    E3                                                0.000     0.000 r  clk (IN)
                         net (fo=0)                   0.000     0.000    clk
    E3                   IBUF (Prop_ibuf_I_O)         0.438     0.438 r  clk_IBUF_inst/O
                         net (fo=1, routed)           0.699     1.136    clk_IBUF
    BUFGCTRL_X0Y16       BUFG (Prop_bufg_I_O)         0.029     1.165 r  clk_IBUF_BUFG_inst/O
                         net (fo=7808, routed)        0.920     2.085    u_tpu/u_unified_buffer/clk_IBUF_BUFG
    SLICE_X65Y155        FDRE                                         r  u_tpu/u_unified_buffer/result_reg[7][2][2]/C
                         clock pessimism             -0.250     1.835    
    SLICE_X65Y155        FDRE (Hold_fdre_C_D)         0.047     1.882    u_tpu/u_unified_buffer/result_reg[7][2][2]
  -------------------------------------------------------------------
                         required time                         -1.882    
                         arrival time                           1.953    
  -------------------------------------------------------------------
                         slack                                  0.071    





Pulse Width Checks
--------------------------------------------------------------------------------------
Clock Name:         sys_clk_pin
Waveform(ns):       { 0.000 5.000 }
Period(ns):         10.000
Sources:            { clk }

Check Type        Corner  Lib Pin     Reference Pin  Required(ns)  Actual(ns)  Slack(ns)  Location        Pin
Min Period        n/a     BUFG/I      n/a            2.155         10.000      7.845      BUFGCTRL_X0Y16  clk_IBUF_BUFG_inst/I
Min Period        n/a     FDRE/C      n/a            1.000         10.000      9.000      SLICE_X51Y165   err_sticky_reg/C
Min Period        n/a     FDRE/C      n/a            1.000         10.000      9.000      SLICE_X49Y164   fsm_busy_reg/C
Min Period        n/a     FDRE/C      n/a            1.000         10.000      9.000      SLICE_X41Y82    hb_cnt_reg[0]/C
Min Period        n/a     FDRE/C      n/a            1.000         10.000      9.000      SLICE_X41Y84    hb_cnt_reg[10]/C
Min Period        n/a     FDRE/C      n/a            1.000         10.000      9.000      SLICE_X41Y84    hb_cnt_reg[11]/C
Min Period        n/a     FDRE/C      n/a            1.000         10.000      9.000      SLICE_X41Y85    hb_cnt_reg[12]/C
Min Period        n/a     FDRE/C      n/a            1.000         10.000      9.000      SLICE_X41Y85    hb_cnt_reg[13]/C
Min Period        n/a     FDRE/C      n/a            1.000         10.000      9.000      SLICE_X41Y85    hb_cnt_reg[14]/C
Min Period        n/a     FDRE/C      n/a            1.000         10.000      9.000      SLICE_X41Y85    hb_cnt_reg[15]/C
Low Pulse Width   Slow    SRL16E/CLK  n/a            0.980         5.000       4.020      SLICE_X60Y124   u_tpu/u_systolic_array/g_stagger[4].g_rowN.g_stage[1].stagger_act_reg[4][1][0]_srl2___u_tpu_u_systolic_array_g_stagger_r_0/CLK
Low Pulse Width   Fast    SRL16E/CLK  n/a            0.980         5.000       4.020      SLICE_X60Y124   u_tpu/u_systolic_array/g_stagger[4].g_rowN.g_stage[1].stagger_act_reg[4][1][0]_srl2___u_tpu_u_systolic_array_g_stagger_r_0/CLK
Low Pulse Width   Slow    SRL16E/CLK  n/a            0.980         5.000       4.020      SLICE_X60Y125   u_tpu/u_systolic_array/g_stagger[4].g_rowN.g_stage[1].stagger_act_reg[4][1][1]_srl2___u_tpu_u_systolic_array_g_stagger_r_0/CLK
Low Pulse Width   Fast    SRL16E/CLK  n/a            0.980         5.000       4.020      SLICE_X60Y125   u_tpu/u_systolic_array/g_stagger[4].g_rowN.g_stage[1].stagger_act_reg[4][1][1]_srl2___u_tpu_u_systolic_array_g_stagger_r_0/CLK
Low Pulse Width   Slow    SRL16E/CLK  n/a            0.980         5.000       4.020      SLICE_X70Y140   u_tpu/u_systolic_array/g_stagger[4].g_rowN.g_stage[1].stagger_act_reg[4][1][2]_srl2___u_tpu_u_systolic_array_g_stagger_r_0/CLK
Low Pulse Width   Fast    SRL16E/CLK  n/a            0.980         5.000       4.020      SLICE_X70Y140   u_tpu/u_systolic_array/g_stagger[4].g_rowN.g_stage[1].stagger_act_reg[4][1][2]_srl2___u_tpu_u_systolic_array_g_stagger_r_0/CLK
Low Pulse Width   Slow    SRL16E/CLK  n/a            0.980         5.000       4.020      SLICE_X70Y140   u_tpu/u_systolic_array/g_stagger[4].g_rowN.g_stage[1].stagger_act_reg[4][1][3]_srl2___u_tpu_u_systolic_array_g_stagger_r_0/CLK
Low Pulse Width   Fast    SRL16E/CLK  n/a            0.980         5.000       4.020      SLICE_X70Y140   u_tpu/u_systolic_array/g_stagger[4].g_rowN.g_stage[1].stagger_act_reg[4][1][3]_srl2___u_tpu_u_systolic_array_g_stagger_r_0/CLK
Low Pulse Width   Slow    SRL16E/CLK  n/a            0.980         5.000       4.020      SLICE_X70Y135   u_tpu/u_systolic_array/g_stagger[4].g_rowN.g_stage[1].stagger_act_reg[4][1][4]_srl2___u_tpu_u_systolic_array_g_stagger_r_0/CLK
Low Pulse Width   Fast    SRL16E/CLK  n/a            0.980         5.000       4.020      SLICE_X70Y135   u_tpu/u_systolic_array/g_stagger[4].g_rowN.g_stage[1].stagger_act_reg[4][1][4]_srl2___u_tpu_u_systolic_array_g_stagger_r_0/CLK
High Pulse Width  Slow    SRL16E/CLK  n/a            0.980         5.000       4.020      SLICE_X60Y124   u_tpu/u_systolic_array/g_stagger[4].g_rowN.g_stage[1].stagger_act_reg[4][1][0]_srl2___u_tpu_u_systolic_array_g_stagger_r_0/CLK
High Pulse Width  Fast    SRL16E/CLK  n/a            0.980         5.000       4.020      SLICE_X60Y124   u_tpu/u_systolic_array/g_stagger[4].g_rowN.g_stage[1].stagger_act_reg[4][1][0]_srl2___u_tpu_u_systolic_array_g_stagger_r_0/CLK
High Pulse Width  Slow    SRL16E/CLK  n/a            0.980         5.000       4.020      SLICE_X60Y125   u_tpu/u_systolic_array/g_stagger[4].g_rowN.g_stage[1].stagger_act_reg[4][1][1]_srl2___u_tpu_u_systolic_array_g_stagger_r_0/CLK
High Pulse Width  Fast    SRL16E/CLK  n/a            0.980         5.000       4.020      SLICE_X60Y125   u_tpu/u_systolic_array/g_stagger[4].g_rowN.g_stage[1].stagger_act_reg[4][1][1]_srl2___u_tpu_u_systolic_array_g_stagger_r_0/CLK
High Pulse Width  Slow    SRL16E/CLK  n/a            0.980         5.000       4.020      SLICE_X70Y140   u_tpu/u_systolic_array/g_stagger[4].g_rowN.g_stage[1].stagger_act_reg[4][1][2]_srl2___u_tpu_u_systolic_array_g_stagger_r_0/CLK
High Pulse Width  Fast    SRL16E/CLK  n/a            0.980         5.000       4.020      SLICE_X70Y140   u_tpu/u_systolic_array/g_stagger[4].g_rowN.g_stage[1].stagger_act_reg[4][1][2]_srl2___u_tpu_u_systolic_array_g_stagger_r_0/CLK
High Pulse Width  Slow    SRL16E/CLK  n/a            0.980         5.000       4.020      SLICE_X70Y140   u_tpu/u_systolic_array/g_stagger[4].g_rowN.g_stage[1].stagger_act_reg[4][1][3]_srl2___u_tpu_u_systolic_array_g_stagger_r_0/CLK
High Pulse Width  Fast    SRL16E/CLK  n/a            0.980         5.000       4.020      SLICE_X70Y140   u_tpu/u_systolic_array/g_stagger[4].g_rowN.g_stage[1].stagger_act_reg[4][1][3]_srl2___u_tpu_u_systolic_array_g_stagger_r_0/CLK
High Pulse Width  Slow    SRL16E/CLK  n/a            0.980         5.000       4.020      SLICE_X70Y135   u_tpu/u_systolic_array/g_stagger[4].g_rowN.g_stage[1].stagger_act_reg[4][1][4]_srl2___u_tpu_u_systolic_array_g_stagger_r_0/CLK
High Pulse Width  Fast    SRL16E/CLK  n/a            0.980         5.000       4.020      SLICE_X70Y135   u_tpu/u_systolic_array/g_stagger[4].g_rowN.g_stage[1].stagger_act_reg[4][1][4]_srl2___u_tpu_u_systolic_array_g_stagger_r_0/CLK



--------------------------------------------------------------------------------------
Path Group:  (none)
From Clock:  sys_clk_pin
  To Clock:  

Max Delay             5 Endpoints
Min Delay             5 Endpoints
--------------------------------------------------------------------------------------


Max Delay Paths
--------------------------------------------------------------------------------------
Slack:                    inf
  Source:                 err_sticky_reg/C
                            (rising edge-triggered cell FDRE clocked by sys_clk_pin  {rise@0.000ns fall@5.000ns period=10.000ns})
  Destination:            led[2]
                            (output port)
  Path Group:             (none)
  Path Type:              Max at Slow Process Corner
  Data Path Delay:        9.767ns  (logic 4.030ns (41.266%)  route 5.737ns (58.734%))
  Logic Levels:           1  (OBUF=1)
  Clock Uncertainty:      0.025ns  ((TSJ^2 + TIJ^2)^1/2 + DJ) / 2 + PE
    Total System Jitter     (TSJ):    0.050ns
    Total Input Jitter      (TIJ):    0.000ns
    Discrete Jitter          (DJ):    0.000ns
    Phase Error              (PE):    0.000ns
  Timing Exception:       False Path

    Location             Delay type                Incr(ns)  Path(ns)    Netlist Resource(s)
  -------------------------------------------------------------------    -------------------
                         (clock sys_clk_pin rise edge)
                                                      0.000     0.000 r  
    E3                                                0.000     0.000 r  clk (IN)
                         net (fo=0)                   0.000     0.000    clk
    E3                   IBUF (Prop_ibuf_I_O)         1.482     1.482 r  clk_IBUF_inst/O
                         net (fo=1, routed)           2.025     3.506    clk_IBUF
    BUFGCTRL_X0Y16       BUFG (Prop_bufg_I_O)         0.096     3.602 r  clk_IBUF_BUFG_inst/O
                         net (fo=7808, routed)        1.792     5.395    clk_IBUF_BUFG
    SLICE_X51Y165        FDRE                                         r  err_sticky_reg/C
  -------------------------------------------------------------------    -------------------
    SLICE_X51Y165        FDRE (Prop_fdre_C_Q)         0.456     5.851 r  err_sticky_reg/Q
                         net (fo=1, routed)           5.737    11.587    led_OBUF[2]
    T9                   OBUF (Prop_obuf_I_O)         3.574    15.162 r  led_OBUF[2]_inst/O
                         net (fo=0)                   0.000    15.162    led[2]
    T9                                                                r  led[2] (OUT)
  -------------------------------------------------------------------    -------------------

Slack:                    inf
  Source:                 fsm_busy_reg/C
                            (rising edge-triggered cell FDRE clocked by sys_clk_pin  {rise@0.000ns fall@5.000ns period=10.000ns})
  Destination:            led[0]
                            (output port)
  Path Group:             (none)
  Path Type:              Max at Slow Process Corner
  Data Path Delay:        8.953ns  (logic 3.986ns (44.516%)  route 4.968ns (55.484%))
  Logic Levels:           1  (OBUF=1)
  Clock Uncertainty:      0.025ns  ((TSJ^2 + TIJ^2)^1/2 + DJ) / 2 + PE
    Total System Jitter     (TSJ):    0.050ns
    Total Input Jitter      (TIJ):    0.000ns
    Discrete Jitter          (DJ):    0.000ns
    Phase Error              (PE):    0.000ns
  Timing Exception:       False Path

    Location             Delay type                Incr(ns)  Path(ns)    Netlist Resource(s)
  -------------------------------------------------------------------    -------------------
                         (clock sys_clk_pin rise edge)
                                                      0.000     0.000 r  
    E3                                                0.000     0.000 r  clk (IN)
                         net (fo=0)                   0.000     0.000    clk
    E3                   IBUF (Prop_ibuf_I_O)         1.482     1.482 r  clk_IBUF_inst/O
                         net (fo=1, routed)           2.025     3.506    clk_IBUF
    BUFGCTRL_X0Y16       BUFG (Prop_bufg_I_O)         0.096     3.602 r  clk_IBUF_BUFG_inst/O
                         net (fo=7808, routed)        1.796     5.399    clk_IBUF_BUFG
    SLICE_X49Y164        FDRE                                         r  fsm_busy_reg/C
  -------------------------------------------------------------------    -------------------
    SLICE_X49Y164        FDRE (Prop_fdre_C_Q)         0.456     5.855 r  fsm_busy_reg/Q
                         net (fo=6, routed)           4.968    10.822    led_OBUF[0]
    H5                   OBUF (Prop_obuf_I_O)         3.530    14.352 r  led_OBUF[0]_inst/O
                         net (fo=0)                   0.000    14.352    led[0]
    H5                                                                r  led[0] (OUT)
  -------------------------------------------------------------------    -------------------

Slack:                    inf
  Source:                 rx_stretch_cnt_reg[30]/C
                            (rising edge-triggered cell FDRE clocked by sys_clk_pin  {rise@0.000ns fall@5.000ns period=10.000ns})
  Destination:            led[1]
                            (output port)
  Path Group:             (none)
  Path Type:              Max at Slow Process Corner
  Data Path Delay:        8.841ns  (logic 4.277ns (48.374%)  route 4.564ns (51.626%))
  Logic Levels:           3  (LUT6=2 OBUF=1)
  Clock Uncertainty:      0.025ns  ((TSJ^2 + TIJ^2)^1/2 + DJ) / 2 + PE
    Total System Jitter     (TSJ):    0.050ns
    Total Input Jitter      (TIJ):    0.000ns
    Discrete Jitter          (DJ):    0.000ns
    Phase Error              (PE):    0.000ns
  Timing Exception:       False Path

    Location             Delay type                Incr(ns)  Path(ns)    Netlist Resource(s)
  -------------------------------------------------------------------    -------------------
                         (clock sys_clk_pin rise edge)
                                                      0.000     0.000 r  
    E3                                                0.000     0.000 r  clk (IN)
                         net (fo=0)                   0.000     0.000    clk
    E3                   IBUF (Prop_ibuf_I_O)         1.482     1.482 r  clk_IBUF_inst/O
                         net (fo=1, routed)           2.025     3.506    clk_IBUF
    BUFGCTRL_X0Y16       BUFG (Prop_bufg_I_O)         0.096     3.602 r  clk_IBUF_BUFG_inst/O
                         net (fo=7808, routed)        1.717     5.320    clk_IBUF_BUFG
    SLICE_X76Y93         FDRE                                         r  rx_stretch_cnt_reg[30]/C
  -------------------------------------------------------------------    -------------------
    SLICE_X76Y93         FDRE (Prop_fdre_C_Q)         0.518     5.838 r  rx_stretch_cnt_reg[30]/Q
                         net (fo=3, routed)           0.819     6.657    u_uart_top/u_uart_rx/rx_stretch_cnt[30]
    SLICE_X77Y92         LUT6 (Prop_lut6_I0_O)        0.124     6.781 r  u_uart_top/u_uart_rx/led_OBUF[1]_inst_i_4/O
                         net (fo=1, routed)           1.088     7.869    u_uart_top/u_uart_rx/led_OBUF[1]_inst_i_4_n_0
    SLICE_X77Y89         LUT6 (Prop_lut6_I2_O)        0.124     7.993 r  u_uart_top/u_uart_rx/led_OBUF[1]_inst_i_1/O
                         net (fo=10, routed)          2.657    10.650    led_OBUF[1]
    J5                   OBUF (Prop_obuf_I_O)         3.511    14.160 r  led_OBUF[1]_inst/O
                         net (fo=0)                   0.000    14.160    led[1]
    J5                                                                r  led[1] (OUT)
  -------------------------------------------------------------------    -------------------

Slack:                    inf
  Source:                 u_uart_top/u_uart_tx/bit_idx_reg[0]/C
                            (rising edge-triggered cell FDRE clocked by sys_clk_pin  {rise@0.000ns fall@5.000ns period=10.000ns})
  Destination:            tx
                            (output port)
  Path Group:             (none)
  Path Type:              Max at Slow Process Corner
  Data Path Delay:        8.312ns  (logic 4.289ns (51.591%)  route 4.024ns (48.409%))
  Logic Levels:           3  (LUT5=1 LUT6=1 OBUF=1)
  Clock Uncertainty:      0.025ns  ((TSJ^2 + TIJ^2)^1/2 + DJ) / 2 + PE
    Total System Jitter     (TSJ):    0.050ns
    Total Input Jitter      (TIJ):    0.000ns
    Discrete Jitter          (DJ):    0.000ns
    Phase Error              (PE):    0.000ns
  Timing Exception:       False Path

    Location             Delay type                Incr(ns)  Path(ns)    Netlist Resource(s)
  -------------------------------------------------------------------    -------------------
                         (clock sys_clk_pin rise edge)
                                                      0.000     0.000 r  
    E3                                                0.000     0.000 r  clk (IN)
                         net (fo=0)                   0.000     0.000    clk
    E3                   IBUF (Prop_ibuf_I_O)         1.482     1.482 r  clk_IBUF_inst/O
                         net (fo=1, routed)           2.025     3.506    clk_IBUF
    BUFGCTRL_X0Y16       BUFG (Prop_bufg_I_O)         0.096     3.602 r  clk_IBUF_BUFG_inst/O
                         net (fo=7808, routed)        1.798     5.401    u_uart_top/u_uart_tx/clk_IBUF_BUFG
    SLICE_X38Y166        FDRE                                         r  u_uart_top/u_uart_tx/bit_idx_reg[0]/C
  -------------------------------------------------------------------    -------------------
    SLICE_X38Y166        FDRE (Prop_fdre_C_Q)         0.518     5.919 r  u_uart_top/u_uart_tx/bit_idx_reg[0]/Q
                         net (fo=6, routed)           0.854     6.773    u_uart_top/u_uart_tx/bit_idx_reg_n_0_[0]
    SLICE_X39Y165        LUT6 (Prop_lut6_I4_O)        0.124     6.897 r  u_uart_top/u_uart_tx/tx_OBUF_inst_i_3/O
                         net (fo=1, routed)           0.526     7.423    u_uart_top/u_uart_tx/tx_OBUF_inst_i_3_n_0
    SLICE_X38Y165        LUT5 (Prop_lut5_I4_O)        0.124     7.547 r  u_uart_top/u_uart_tx/tx_OBUF_inst_i_1/O
                         net (fo=1, routed)           2.644    10.191    tx_OBUF
    D10                  OBUF (Prop_obuf_I_O)         3.523    13.713 r  tx_OBUF_inst/O
                         net (fo=0)                   0.000    13.713    tx
    D10                                                               r  tx (OUT)
  -------------------------------------------------------------------    -------------------

Slack:                    inf
  Source:                 hb_led_reg/C
                            (rising edge-triggered cell FDRE clocked by sys_clk_pin  {rise@0.000ns fall@5.000ns period=10.000ns})
  Destination:            led[3]
                            (output port)
  Path Group:             (none)
  Path Type:              Max at Slow Process Corner
  Data Path Delay:        6.985ns  (logic 4.033ns (57.737%)  route 2.952ns (42.263%))
  Logic Levels:           1  (OBUF=1)
  Clock Uncertainty:      0.025ns  ((TSJ^2 + TIJ^2)^1/2 + DJ) / 2 + PE
    Total System Jitter     (TSJ):    0.050ns
    Total Input Jitter      (TIJ):    0.000ns
    Discrete Jitter          (DJ):    0.000ns
    Phase Error              (PE):    0.000ns
  Timing Exception:       False Path

    Location             Delay type                Incr(ns)  Path(ns)    Netlist Resource(s)
  -------------------------------------------------------------------    -------------------
                         (clock sys_clk_pin rise edge)
                                                      0.000     0.000 r  
    E3                                                0.000     0.000 r  clk (IN)
                         net (fo=0)                   0.000     0.000    clk
    E3                   IBUF (Prop_ibuf_I_O)         1.482     1.482 r  clk_IBUF_inst/O
                         net (fo=1, routed)           2.025     3.506    clk_IBUF
    BUFGCTRL_X0Y16       BUFG (Prop_bufg_I_O)         0.096     3.602 r  clk_IBUF_BUFG_inst/O
                         net (fo=7808, routed)        1.641     5.244    clk_IBUF_BUFG
    SLICE_X15Y86         FDRE                                         r  hb_led_reg/C
  -------------------------------------------------------------------    -------------------
    SLICE_X15Y86         FDRE (Prop_fdre_C_Q)         0.456     5.700 r  hb_led_reg/Q
                         net (fo=2, routed)           2.952     8.652    led_OBUF[3]
    T10                  OBUF (Prop_obuf_I_O)         3.577    12.229 r  led_OBUF[3]_inst/O
                         net (fo=0)                   0.000    12.229    led[3]
    T10                                                               r  led[3] (OUT)
  -------------------------------------------------------------------    -------------------





Min Delay Paths
--------------------------------------------------------------------------------------
Slack:                    inf
  Source:                 hb_led_reg/C
                            (rising edge-triggered cell FDRE clocked by sys_clk_pin  {rise@0.000ns fall@5.000ns period=10.000ns})
  Destination:            led[3]
                            (output port)
  Path Group:             (none)
  Path Type:              Min at Fast Process Corner
  Data Path Delay:        2.334ns  (logic 1.418ns (60.784%)  route 0.915ns (39.216%))
  Logic Levels:           1  (OBUF=1)
  Clock Uncertainty:      0.025ns  ((TSJ^2 + TIJ^2)^1/2 + DJ) / 2 + PE
    Total System Jitter     (TSJ):    0.050ns
    Total Input Jitter      (TIJ):    0.000ns
    Discrete Jitter          (DJ):    0.000ns
    Phase Error              (PE):    0.000ns
  Timing Exception:       False Path

    Location             Delay type                Incr(ns)  Path(ns)    Netlist Resource(s)
  -------------------------------------------------------------------    -------------------
                         (clock sys_clk_pin rise edge)
                                                      0.000     0.000 r  
    E3                                                0.000     0.000 r  clk (IN)
                         net (fo=0)                   0.000     0.000    clk
    E3                   IBUF (Prop_ibuf_I_O)         0.250     0.250 r  clk_IBUF_inst/O
                         net (fo=1, routed)           0.644     0.894    clk_IBUF
    BUFGCTRL_X0Y16       BUFG (Prop_bufg_I_O)         0.026     0.920 r  clk_IBUF_BUFG_inst/O
                         net (fo=7808, routed)        0.571     1.490    clk_IBUF_BUFG
    SLICE_X15Y86         FDRE                                         r  hb_led_reg/C
  -------------------------------------------------------------------    -------------------
    SLICE_X15Y86         FDRE (Prop_fdre_C_Q)         0.141     1.631 r  hb_led_reg/Q
                         net (fo=2, routed)           0.915     2.546    led_OBUF[3]
    T10                  OBUF (Prop_obuf_I_O)         1.277     3.824 r  led_OBUF[3]_inst/O
                         net (fo=0)                   0.000     3.824    led[3]
    T10                                                               r  led[3] (OUT)
  -------------------------------------------------------------------    -------------------

Slack:                    inf
  Source:                 u_uart_top/u_uart_tx/FSM_sequential_state_reg[0]/C
                            (rising edge-triggered cell FDRE clocked by sys_clk_pin  {rise@0.000ns fall@5.000ns period=10.000ns})
  Destination:            tx
                            (output port)
  Path Group:             (none)
  Path Type:              Min at Fast Process Corner
  Data Path Delay:        2.389ns  (logic 1.409ns (58.996%)  route 0.980ns (41.004%))
  Logic Levels:           2  (LUT5=1 OBUF=1)
  Clock Uncertainty:      0.025ns  ((TSJ^2 + TIJ^2)^1/2 + DJ) / 2 + PE
    Total System Jitter     (TSJ):    0.050ns
    Total Input Jitter      (TIJ):    0.000ns
    Discrete Jitter          (DJ):    0.000ns
    Phase Error              (PE):    0.000ns
  Timing Exception:       False Path

    Location             Delay type                Incr(ns)  Path(ns)    Netlist Resource(s)
  -------------------------------------------------------------------    -------------------
                         (clock sys_clk_pin rise edge)
                                                      0.000     0.000 r  
    E3                                                0.000     0.000 r  clk (IN)
                         net (fo=0)                   0.000     0.000    clk
    E3                   IBUF (Prop_ibuf_I_O)         0.250     0.250 r  clk_IBUF_inst/O
                         net (fo=1, routed)           0.644     0.894    clk_IBUF
    BUFGCTRL_X0Y16       BUFG (Prop_bufg_I_O)         0.026     0.920 r  clk_IBUF_BUFG_inst/O
                         net (fo=7808, routed)        0.643     1.563    u_uart_top/u_uart_tx/clk_IBUF_BUFG
    SLICE_X36Y165        FDRE                                         r  u_uart_top/u_uart_tx/FSM_sequential_state_reg[0]/C
  -------------------------------------------------------------------    -------------------
    SLICE_X36Y165        FDRE (Prop_fdre_C_Q)         0.141     1.704 r  u_uart_top/u_uart_tx/FSM_sequential_state_reg[0]/Q
                         net (fo=20, routed)          0.197     1.901    u_uart_top/u_uart_tx/state[0]
    SLICE_X38Y165        LUT5 (Prop_lut5_I0_O)        0.045     1.946 r  u_uart_top/u_uart_tx/tx_OBUF_inst_i_1/O
                         net (fo=1, routed)           0.783     2.728    tx_OBUF
    D10                  OBUF (Prop_obuf_I_O)         1.223     3.952 r  tx_OBUF_inst/O
                         net (fo=0)                   0.000     3.952    tx
    D10                                                               r  tx (OUT)
  -------------------------------------------------------------------    -------------------

Slack:                    inf
  Source:                 rx_stretch_cnt_reg[15]/C
                            (rising edge-triggered cell FDRE clocked by sys_clk_pin  {rise@0.000ns fall@5.000ns period=10.000ns})
  Destination:            led[1]
                            (output port)
  Path Group:             (none)
  Path Type:              Min at Fast Process Corner
  Data Path Delay:        2.515ns  (logic 1.443ns (57.363%)  route 1.072ns (42.637%))
  Logic Levels:           3  (LUT6=2 OBUF=1)
  Clock Uncertainty:      0.025ns  ((TSJ^2 + TIJ^2)^1/2 + DJ) / 2 + PE
    Total System Jitter     (TSJ):    0.050ns
    Total Input Jitter      (TIJ):    0.000ns
    Discrete Jitter          (DJ):    0.000ns
    Phase Error              (PE):    0.000ns
  Timing Exception:       False Path

    Location             Delay type                Incr(ns)  Path(ns)    Netlist Resource(s)
  -------------------------------------------------------------------    -------------------
                         (clock sys_clk_pin rise edge)
                                                      0.000     0.000 r  
    E3                                                0.000     0.000 r  clk (IN)
                         net (fo=0)                   0.000     0.000    clk
    E3                   IBUF (Prop_ibuf_I_O)         0.250     0.250 r  clk_IBUF_inst/O
                         net (fo=1, routed)           0.644     0.894    clk_IBUF
    BUFGCTRL_X0Y16       BUFG (Prop_bufg_I_O)         0.026     0.920 r  clk_IBUF_BUFG_inst/O
                         net (fo=7808, routed)        0.595     1.514    clk_IBUF_BUFG
    SLICE_X75Y89         FDRE                                         r  rx_stretch_cnt_reg[15]/C
  -------------------------------------------------------------------    -------------------
    SLICE_X75Y89         FDRE (Prop_fdre_C_Q)         0.141     1.655 r  rx_stretch_cnt_reg[15]/Q
                         net (fo=3, routed)           0.119     1.775    u_uart_top/u_uart_rx/rx_stretch_cnt[15]
    SLICE_X77Y89         LUT6 (Prop_lut6_I4_O)        0.045     1.820 r  u_uart_top/u_uart_rx/led_OBUF[1]_inst_i_3/O
                         net (fo=1, routed)           0.127     1.947    u_uart_top/u_uart_rx/led_OBUF[1]_inst_i_3_n_0
    SLICE_X77Y89         LUT6 (Prop_lut6_I1_O)        0.045     1.992 r  u_uart_top/u_uart_rx/led_OBUF[1]_inst_i_1/O
                         net (fo=10, routed)          0.826     2.818    led_OBUF[1]
    J5                   OBUF (Prop_obuf_I_O)         1.212     4.029 r  led_OBUF[1]_inst/O
                         net (fo=0)                   0.000     4.029    led[1]
    J5                                                                r  led[1] (OUT)
  -------------------------------------------------------------------    -------------------

Slack:                    inf
  Source:                 fsm_busy_reg/C
                            (rising edge-triggered cell FDRE clocked by sys_clk_pin  {rise@0.000ns fall@5.000ns period=10.000ns})
  Destination:            led[0]
                            (output port)
  Path Group:             (none)
  Path Type:              Min at Fast Process Corner
  Data Path Delay:        3.294ns  (logic 1.372ns (41.634%)  route 1.923ns (58.366%))
  Logic Levels:           1  (OBUF=1)
  Clock Uncertainty:      0.025ns  ((TSJ^2 + TIJ^2)^1/2 + DJ) / 2 + PE
    Total System Jitter     (TSJ):    0.050ns
    Total Input Jitter      (TIJ):    0.000ns
    Discrete Jitter          (DJ):    0.000ns
    Phase Error              (PE):    0.000ns
  Timing Exception:       False Path

    Location             Delay type                Incr(ns)  Path(ns)    Netlist Resource(s)
  -------------------------------------------------------------------    -------------------
                         (clock sys_clk_pin rise edge)
                                                      0.000     0.000 r  
    E3                                                0.000     0.000 r  clk (IN)
                         net (fo=0)                   0.000     0.000    clk
    E3                   IBUF (Prop_ibuf_I_O)         0.250     0.250 r  clk_IBUF_inst/O
                         net (fo=1, routed)           0.644     0.894    clk_IBUF
    BUFGCTRL_X0Y16       BUFG (Prop_bufg_I_O)         0.026     0.920 r  clk_IBUF_BUFG_inst/O
                         net (fo=7808, routed)        0.638     1.558    clk_IBUF_BUFG
    SLICE_X49Y164        FDRE                                         r  fsm_busy_reg/C
  -------------------------------------------------------------------    -------------------
    SLICE_X49Y164        FDRE (Prop_fdre_C_Q)         0.141     1.699 r  fsm_busy_reg/Q
                         net (fo=6, routed)           1.923     3.622    led_OBUF[0]
    H5                   OBUF (Prop_obuf_I_O)         1.231     4.852 r  led_OBUF[0]_inst/O
                         net (fo=0)                   0.000     4.852    led[0]
    H5                                                                r  led[0] (OUT)
  -------------------------------------------------------------------    -------------------

Slack:                    inf
  Source:                 err_sticky_reg/C
                            (rising edge-triggered cell FDRE clocked by sys_clk_pin  {rise@0.000ns fall@5.000ns period=10.000ns})
  Destination:            led[2]
                            (output port)
  Path Group:             (none)
  Path Type:              Min at Fast Process Corner
  Data Path Delay:        3.544ns  (logic 1.416ns (39.946%)  route 2.129ns (60.054%))
  Logic Levels:           1  (OBUF=1)
  Clock Uncertainty:      0.025ns  ((TSJ^2 + TIJ^2)^1/2 + DJ) / 2 + PE
    Total System Jitter     (TSJ):    0.050ns
    Total Input Jitter      (TIJ):    0.000ns
    Discrete Jitter          (DJ):    0.000ns
    Phase Error              (PE):    0.000ns
  Timing Exception:       False Path

    Location             Delay type                Incr(ns)  Path(ns)    Netlist Resource(s)
  -------------------------------------------------------------------    -------------------
                         (clock sys_clk_pin rise edge)
                                                      0.000     0.000 r  
    E3                                                0.000     0.000 r  clk (IN)
                         net (fo=0)                   0.000     0.000    clk
    E3                   IBUF (Prop_ibuf_I_O)         0.250     0.250 r  clk_IBUF_inst/O
                         net (fo=1, routed)           0.644     0.894    clk_IBUF
    BUFGCTRL_X0Y16       BUFG (Prop_bufg_I_O)         0.026     0.920 r  clk_IBUF_BUFG_inst/O
                         net (fo=7808, routed)        0.637     1.557    clk_IBUF_BUFG
    SLICE_X51Y165        FDRE                                         r  err_sticky_reg/C
  -------------------------------------------------------------------    -------------------
    SLICE_X51Y165        FDRE (Prop_fdre_C_Q)         0.141     1.698 r  err_sticky_reg/Q
                         net (fo=1, routed)           2.129     3.826    led_OBUF[2]
    T9                   OBUF (Prop_obuf_I_O)         1.275     5.101 r  led_OBUF[2]_inst/O
                         net (fo=0)                   0.000     5.101    led[2]
    T9                                                                r  led[2] (OUT)
  -------------------------------------------------------------------    -------------------





--------------------------------------------------------------------------------------
Path Group:  (none)
From Clock:  
  To Clock:  sys_clk_pin

Max Delay             4 Endpoints
Min Delay             4 Endpoints
--------------------------------------------------------------------------------------


Max Delay Paths
--------------------------------------------------------------------------------------
Slack:                    inf
  Source:                 btn1_start
                            (input port)
  Destination:            u_btn_debounce/btn_sync_0_reg/D
                            (rising edge-triggered cell FDRE clocked by sys_clk_pin  {rise@0.000ns fall@5.000ns period=10.000ns})
  Path Group:             (none)
  Path Type:              Setup (Max at Slow Process Corner)
  Data Path Delay:        5.321ns  (logic 1.518ns (28.536%)  route 3.802ns (71.464%))
  Logic Levels:           1  (IBUF=1)
  Clock Path Skew:        5.141ns (DCD - SCD + CPR)
    Destination Clock Delay (DCD):    5.141ns
    Source Clock Delay      (SCD):    0.000ns
    Clock Pessimism Removal (CPR):    0.000ns
  Clock Uncertainty:      0.025ns  ((TSJ^2 + TIJ^2)^1/2 + DJ) / 2 + PE
    Total System Jitter     (TSJ):    0.050ns
    Total Input Jitter      (TIJ):    0.000ns
    Discrete Jitter          (DJ):    0.000ns
    Phase Error              (PE):    0.000ns
  Timing Exception:       False Path

    Location             Delay type                Incr(ns)  Path(ns)    Netlist Resource(s)
  -------------------------------------------------------------------    -------------------
    C9                                                0.000     0.000 r  btn1_start (IN)
                         net (fo=0)                   0.000     0.000    btn1_start
    C9                   IBUF (Prop_ibuf_I_O)         1.518     1.518 r  btn1_start_IBUF_inst/O
                         net (fo=1, routed)           3.802     5.321    u_btn_debounce/btn1_start_IBUF
    SLICE_X75Y153        FDRE                                         r  u_btn_debounce/btn_sync_0_reg/D
  -------------------------------------------------------------------    -------------------

                         (clock sys_clk_pin rise edge)
                                                      0.000     0.000 r  
    E3                                                0.000     0.000 r  clk (IN)
                         net (fo=0)                   0.000     0.000    clk
    E3                   IBUF (Prop_ibuf_I_O)         1.411     1.411 r  clk_IBUF_inst/O
                         net (fo=1, routed)           1.920     3.331    clk_IBUF
    BUFGCTRL_X0Y16       BUFG (Prop_bufg_I_O)         0.091     3.422 r  clk_IBUF_BUFG_inst/O
                         net (fo=7808, routed)        1.719     5.141    u_btn_debounce/clk_IBUF_BUFG
    SLICE_X75Y153        FDRE                                         r  u_btn_debounce/btn_sync_0_reg/C

Slack:                    inf
  Source:                 rx
                            (input port)
  Destination:            u_uart_top/u_uart_rx/rx_sync_0_reg/D
                            (rising edge-triggered cell FDSE clocked by sys_clk_pin  {rise@0.000ns fall@5.000ns period=10.000ns})
  Path Group:             (none)
  Path Type:              Setup (Max at Slow Process Corner)
  Data Path Delay:        4.693ns  (logic 1.526ns (32.523%)  route 3.167ns (67.477%))
  Logic Levels:           1  (IBUF=1)
  Clock Path Skew:        5.134ns (DCD - SCD + CPR)
    Destination Clock Delay (DCD):    5.134ns
    Source Clock Delay      (SCD):    0.000ns
    Clock Pessimism Removal (CPR):    0.000ns
  Clock Uncertainty:      0.025ns  ((TSJ^2 + TIJ^2)^1/2 + DJ) / 2 + PE
    Total System Jitter     (TSJ):    0.050ns
    Total Input Jitter      (TIJ):    0.000ns
    Discrete Jitter          (DJ):    0.000ns
    Phase Error              (PE):    0.000ns
  Timing Exception:       False Path

    Location             Delay type                Incr(ns)  Path(ns)    Netlist Resource(s)
  -------------------------------------------------------------------    -------------------
    A9                                                0.000     0.000 r  rx (IN)
                         net (fo=0)                   0.000     0.000    rx
    A9                   IBUF (Prop_ibuf_I_O)         1.526     1.526 r  rx_IBUF_inst/O
                         net (fo=1, routed)           3.167     4.693    u_uart_top/u_uart_rx/rx_IBUF
    SLICE_X72Y167        FDSE                                         r  u_uart_top/u_uart_rx/rx_sync_0_reg/D
  -------------------------------------------------------------------    -------------------

                         (clock sys_clk_pin rise edge)
                                                      0.000     0.000 r  
    E3                                                0.000     0.000 r  clk (IN)
                         net (fo=0)                   0.000     0.000    clk
    E3                   IBUF (Prop_ibuf_I_O)         1.411     1.411 r  clk_IBUF_inst/O
                         net (fo=1, routed)           1.920     3.331    clk_IBUF
    BUFGCTRL_X0Y16       BUFG (Prop_bufg_I_O)         0.091     3.422 r  clk_IBUF_BUFG_inst/O
                         net (fo=7808, routed)        1.712     5.134    u_uart_top/u_uart_rx/clk_IBUF_BUFG
    SLICE_X72Y167        FDSE                                         r  u_uart_top/u_uart_rx/rx_sync_0_reg/C

Slack:                    inf
  Source:                 btn0_reset
                            (input port)
  Destination:            rst_sync_ff1_reg/CLR
                            (recovery check against rising-edge clock sys_clk_pin  {rise@0.000ns fall@5.000ns period=10.000ns})
  Path Group:             (none)
  Path Type:              Recovery (Max at Slow Process Corner)
  Data Path Delay:        4.445ns  (logic 1.487ns (33.460%)  route 2.958ns (66.540%))
  Logic Levels:           1  (IBUF=1)
  Clock Path Skew:        5.089ns (DCD - SCD + CPR)
    Destination Clock Delay (DCD):    5.089ns
    Source Clock Delay      (SCD):    0.000ns
    Clock Pessimism Removal (CPR):    0.000ns
  Clock Uncertainty:      0.025ns  ((TSJ^2 + TIJ^2)^1/2 + DJ) / 2 + PE
    Total System Jitter     (TSJ):    0.050ns
    Total Input Jitter      (TIJ):    0.000ns
    Discrete Jitter          (DJ):    0.000ns
    Phase Error              (PE):    0.000ns
  Timing Exception:       False Path

    Location             Delay type                Incr(ns)  Path(ns)    Netlist Resource(s)
  -------------------------------------------------------------------    -------------------
    D9                                                0.000     0.000 f  btn0_reset (IN)
                         net (fo=0)                   0.000     0.000    btn0_reset
    D9                   IBUF (Prop_ibuf_I_O)         1.487     1.487 f  btn0_reset_IBUF_inst/O
                         net (fo=2, routed)           2.958     4.445    btn0_reset_IBUF
    SLICE_X48Y162        FDCE                                         f  rst_sync_ff1_reg/CLR
  -------------------------------------------------------------------    -------------------

                         (clock sys_clk_pin rise edge)
                                                      0.000     0.000 r  
    E3                                                0.000     0.000 r  clk (IN)
                         net (fo=0)                   0.000     0.000    clk
    E3                   IBUF (Prop_ibuf_I_O)         1.411     1.411 r  clk_IBUF_inst/O
                         net (fo=1, routed)           1.920     3.331    clk_IBUF
    BUFGCTRL_X0Y16       BUFG (Prop_bufg_I_O)         0.091     3.422 r  clk_IBUF_BUFG_inst/O
                         net (fo=7808, routed)        1.667     5.089    clk_IBUF_BUFG
    SLICE_X48Y162        FDCE                                         r  rst_sync_ff1_reg/C

Slack:                    inf
  Source:                 btn0_reset
                            (input port)
  Destination:            rst_sync_ff2_reg/CLR
                            (recovery check against rising-edge clock sys_clk_pin  {rise@0.000ns fall@5.000ns period=10.000ns})
  Path Group:             (none)
  Path Type:              Recovery (Max at Slow Process Corner)
  Data Path Delay:        4.445ns  (logic 1.487ns (33.460%)  route 2.958ns (66.540%))
  Logic Levels:           1  (IBUF=1)
  Clock Path Skew:        5.089ns (DCD - SCD + CPR)
    Destination Clock Delay (DCD):    5.089ns
    Source Clock Delay      (SCD):    0.000ns
    Clock Pessimism Removal (CPR):    0.000ns
  Clock Uncertainty:      0.025ns  ((TSJ^2 + TIJ^2)^1/2 + DJ) / 2 + PE
    Total System Jitter     (TSJ):    0.050ns
    Total Input Jitter      (TIJ):    0.000ns
    Discrete Jitter          (DJ):    0.000ns
    Phase Error              (PE):    0.000ns
  Timing Exception:       False Path

    Location             Delay type                Incr(ns)  Path(ns)    Netlist Resource(s)
  -------------------------------------------------------------------    -------------------
    D9                                                0.000     0.000 f  btn0_reset (IN)
                         net (fo=0)                   0.000     0.000    btn0_reset
    D9                   IBUF (Prop_ibuf_I_O)         1.487     1.487 f  btn0_reset_IBUF_inst/O
                         net (fo=2, routed)           2.958     4.445    btn0_reset_IBUF
    SLICE_X48Y162        FDCE                                         f  rst_sync_ff2_reg/CLR
  -------------------------------------------------------------------    -------------------

                         (clock sys_clk_pin rise edge)
                                                      0.000     0.000 r  
    E3                                                0.000     0.000 r  clk (IN)
                         net (fo=0)                   0.000     0.000    clk
    E3                   IBUF (Prop_ibuf_I_O)         1.411     1.411 r  clk_IBUF_inst/O
                         net (fo=1, routed)           1.920     3.331    clk_IBUF
    BUFGCTRL_X0Y16       BUFG (Prop_bufg_I_O)         0.091     3.422 r  clk_IBUF_BUFG_inst/O
                         net (fo=7808, routed)        1.667     5.089    clk_IBUF_BUFG
    SLICE_X48Y162        FDCE                                         r  rst_sync_ff2_reg/C





Min Delay Paths
--------------------------------------------------------------------------------------
Slack:                    inf
  Source:                 btn0_reset
                            (input port)
  Destination:            rst_sync_ff1_reg/CLR
                            (removal check against rising-edge clock sys_clk_pin  {rise@0.000ns fall@5.000ns period=10.000ns})
  Path Group:             (none)
  Path Type:              Removal (Min at Fast Process Corner)
  Data Path Delay:        1.504ns  (logic 0.255ns (16.963%)  route 1.249ns (83.037%))
  Logic Levels:           1  (IBUF=1)
  Clock Path Skew:        2.078ns (DCD - SCD - CPR)
    Destination Clock Delay (DCD):    2.078ns
    Source Clock Delay      (SCD):    0.000ns
    Clock Pessimism Removal (CPR):    -0.000ns
  Timing Exception:       False Path

    Location             Delay type                Incr(ns)  Path(ns)    Netlist Resource(s)
  -------------------------------------------------------------------    -------------------
    D9                                                0.000     0.000 f  btn0_reset (IN)
                         net (fo=0)                   0.000     0.000    btn0_reset
    D9                   IBUF (Prop_ibuf_I_O)         0.255     0.255 f  btn0_reset_IBUF_inst/O
                         net (fo=2, routed)           1.249     1.504    btn0_reset_IBUF
    SLICE_X48Y162        FDCE                                         f  rst_sync_ff1_reg/CLR
  -------------------------------------------------------------------    -------------------

                         (clock sys_clk_pin rise edge)
                                                      0.000     0.000 r  
    E3                                                0.000     0.000 r  clk (IN)
                         net (fo=0)                   0.000     0.000    clk
    E3                   IBUF (Prop_ibuf_I_O)         0.438     0.438 r  clk_IBUF_inst/O
                         net (fo=1, routed)           0.699     1.136    clk_IBUF
    BUFGCTRL_X0Y16       BUFG (Prop_bufg_I_O)         0.029     1.165 r  clk_IBUF_BUFG_inst/O
                         net (fo=7808, routed)        0.913     2.078    clk_IBUF_BUFG
    SLICE_X48Y162        FDCE                                         r  rst_sync_ff1_reg/C

Slack:                    inf
  Source:                 btn0_reset
                            (input port)
  Destination:            rst_sync_ff2_reg/CLR
                            (removal check against rising-edge clock sys_clk_pin  {rise@0.000ns fall@5.000ns period=10.000ns})
  Path Group:             (none)
  Path Type:              Removal (Min at Fast Process Corner)
  Data Path Delay:        1.504ns  (logic 0.255ns (16.963%)  route 1.249ns (83.037%))
  Logic Levels:           1  (IBUF=1)
  Clock Path Skew:        2.078ns (DCD - SCD - CPR)
    Destination Clock Delay (DCD):    2.078ns
    Source Clock Delay      (SCD):    0.000ns
    Clock Pessimism Removal (CPR):    -0.000ns
  Timing Exception:       False Path

    Location             Delay type                Incr(ns)  Path(ns)    Netlist Resource(s)
  -------------------------------------------------------------------    -------------------
    D9                                                0.000     0.000 f  btn0_reset (IN)
                         net (fo=0)                   0.000     0.000    btn0_reset
    D9                   IBUF (Prop_ibuf_I_O)         0.255     0.255 f  btn0_reset_IBUF_inst/O
                         net (fo=2, routed)           1.249     1.504    btn0_reset_IBUF
    SLICE_X48Y162        FDCE                                         f  rst_sync_ff2_reg/CLR
  -------------------------------------------------------------------    -------------------

                         (clock sys_clk_pin rise edge)
                                                      0.000     0.000 r  
    E3                                                0.000     0.000 r  clk (IN)
                         net (fo=0)                   0.000     0.000    clk
    E3                   IBUF (Prop_ibuf_I_O)         0.438     0.438 r  clk_IBUF_inst/O
                         net (fo=1, routed)           0.699     1.136    clk_IBUF
    BUFGCTRL_X0Y16       BUFG (Prop_bufg_I_O)         0.029     1.165 r  clk_IBUF_BUFG_inst/O
                         net (fo=7808, routed)        0.913     2.078    clk_IBUF_BUFG
    SLICE_X48Y162        FDCE                                         r  rst_sync_ff2_reg/C

Slack:                    inf
  Source:                 rx
                            (input port)
  Destination:            u_uart_top/u_uart_rx/rx_sync_0_reg/D
                            (rising edge-triggered cell FDSE clocked by sys_clk_pin  {rise@0.000ns fall@5.000ns period=10.000ns})
  Path Group:             (none)
  Path Type:              Hold (Min at Fast Process Corner)
  Data Path Delay:        1.718ns  (logic 0.294ns (17.104%)  route 1.424ns (82.896%))
  Logic Levels:           1  (IBUF=1)
  Clock Path Skew:        2.097ns (DCD - SCD - CPR)
    Destination Clock Delay (DCD):    2.097ns
    Source Clock Delay      (SCD):    0.000ns
    Clock Pessimism Removal (CPR):    -0.000ns
  Timing Exception:       False Path

    Location             Delay type                Incr(ns)  Path(ns)    Netlist Resource(s)
  -------------------------------------------------------------------    -------------------
    A9                                                0.000     0.000 r  rx (IN)
                         net (fo=0)                   0.000     0.000    rx
    A9                   IBUF (Prop_ibuf_I_O)         0.294     0.294 r  rx_IBUF_inst/O
                         net (fo=1, routed)           1.424     1.718    u_uart_top/u_uart_rx/rx_IBUF
    SLICE_X72Y167        FDSE                                         r  u_uart_top/u_uart_rx/rx_sync_0_reg/D
  -------------------------------------------------------------------    -------------------

                         (clock sys_clk_pin rise edge)
                                                      0.000     0.000 r  
    E3                                                0.000     0.000 r  clk (IN)
                         net (fo=0)                   0.000     0.000    clk
    E3                   IBUF (Prop_ibuf_I_O)         0.438     0.438 r  clk_IBUF_inst/O
                         net (fo=1, routed)           0.699     1.136    clk_IBUF
    BUFGCTRL_X0Y16       BUFG (Prop_bufg_I_O)         0.029     1.165 r  clk_IBUF_BUFG_inst/O
                         net (fo=7808, routed)        0.932     2.097    u_uart_top/u_uart_rx/clk_IBUF_BUFG
    SLICE_X72Y167        FDSE                                         r  u_uart_top/u_uart_rx/rx_sync_0_reg/C

Slack:                    inf
  Source:                 btn1_start
                            (input port)
  Destination:            u_btn_debounce/btn_sync_0_reg/D
                            (rising edge-triggered cell FDRE clocked by sys_clk_pin  {rise@0.000ns fall@5.000ns period=10.000ns})
  Path Group:             (none)
  Path Type:              Hold (Min at Fast Process Corner)
  Data Path Delay:        1.989ns  (logic 0.286ns (14.368%)  route 1.703ns (85.632%))
  Logic Levels:           1  (IBUF=1)
  Clock Path Skew:        2.105ns (DCD - SCD - CPR)
    Destination Clock Delay (DCD):    2.105ns
    Source Clock Delay      (SCD):    0.000ns
    Clock Pessimism Removal (CPR):    -0.000ns
  Timing Exception:       False Path

    Location             Delay type                Incr(ns)  Path(ns)    Netlist Resource(s)
  -------------------------------------------------------------------    -------------------
    C9                                                0.000     0.000 r  btn1_start (IN)
                         net (fo=0)                   0.000     0.000    btn1_start
    C9                   IBUF (Prop_ibuf_I_O)         0.286     0.286 r  btn1_start_IBUF_inst/O
                         net (fo=1, routed)           1.703     1.989    u_btn_debounce/btn1_start_IBUF
    SLICE_X75Y153        FDRE                                         r  u_btn_debounce/btn_sync_0_reg/D
  -------------------------------------------------------------------    -------------------

                         (clock sys_clk_pin rise edge)
                                                      0.000     0.000 r  
    E3                                                0.000     0.000 r  clk (IN)
                         net (fo=0)                   0.000     0.000    clk
    E3                   IBUF (Prop_ibuf_I_O)         0.438     0.438 r  clk_IBUF_inst/O
                         net (fo=1, routed)           0.699     1.136    clk_IBUF
    BUFGCTRL_X0Y16       BUFG (Prop_bufg_I_O)         0.029     1.165 r  clk_IBUF_BUFG_inst/O
                         net (fo=7808, routed)        0.940     2.105    u_btn_debounce/clk_IBUF_BUFG
    SLICE_X75Y153        FDRE                                         r  u_btn_debounce/btn_sync_0_reg/C





